,One108521,One108521,One29236,One29236,One37568,One37568,One88470,One88470,One92099,One92099,One_GHII-2165,One_GHII-2165,One_Hpal_99,One_Hpal_99,One_KPNA-422,One_KPNA-422,One_MHC-190,One_MHC-190,One_MHC-251,One_MHC-251,One_PIP,One_PIP,One_RFC2-102,One_RFC2-102,One_STC_410,One_STC_410,One_Sh-St-4810b,One_Sh-St-4810b,One_U1009-91,One_U1009-91,One_U1012-68,One_U1012-68,One_U1105,One_U1105,One_U1201-492,One_U1201-492,One_U1206-108,One_U1206-108,One_U1212-106,One_U1212-106,One_U1216-230,One_U1216-230,One_VIM-569,One_VIM-569,One_ZNF-61,One_ZNF-61,One_aldB-152,One_aldB-152,One_cetn1-167,One_cetn1-167,One_cin-177,One_cin-177,One_gdh-212,One_gdh-212,One_metA-253,One_metA-253,One_p53-534,One_p53-534,One_rab1a-76,One_rab1a-76,One_redd1-414,One_redd1-414,One_tshB-92,One_tshB-92,One_txnip-401,One_txnip-401,One_vatf-214,One_vatf-214,Soc_Kok_64984,Soc_Kok_64984,
KOK_17_001,3,3,2,2,2,2,2,2,4,3,4,4,2,4,3,3,3,4,4,4,4,4,1,1,4,4,4,4,3,3,2,2,1,1,1,3,4,4,1,3,1,4,3,1,2,1,1,3,1,1,2,4,1,1,2,2,2,2,4,4,4,2,1,1,2,2,2,1,1,3,
KOK_17_002,3,3,1,2,2,4,2,2,4,4,1,1,2,4,3,3,4,4,4,4,4,4,1,1,4,4,4,4,3,3,2,2,4,1,1,1,4,4,3,3,4,4,3,3,1,1,1,3,2,2,2,4,2,2,2,3,2,2,3,3,2,2,1,1,2,4,1,1,1,3,
KOK_17_003,3,3,1,2,2,2,2,2,4,3,4,4,2,2,3,3,3,4,4,4,4,4,1,1,4,4,4,4,3,3,2,2,4,1,1,1,4,4,1,3,4,4,3,1,2,1,3,3,1,2,2,4,1,1,2,2,2,2,4,4,2,2,1,1,2,2,2,2,1,3,
KOK_17_004,3,3,1,2,2,4,2,2,4,3,4,4,2,4,3,3,3,4,4,4,2,2,1,3,4,4,4,3,1,3,2,4,4,1,1,1,4,4,1,3,4,4,1,1,2,2,1,3,2,2,4,4,2,1,2,2,2,1,3,4,4,2,1,1,2,2,2,1,1,1,
KOK_17_005,3,3,1,1,2,4,2,2,3,3,4,1,2,4,3,3,3,4,4,4,4,4,3,3,4,4,4,4,3,3,2,2,4,1,1,3,4,4,1,3,4,4,1,1,2,1,3,3,1,2,2,4,2,2,2,3,2,2,3,4,4,4,1,1,2,2,1,1,1,3,
KOK_17_006,3,3,1,2,2,4,2,2,4,4,4,4,2,4,3,3,3,4,4,4,2,2,1,3,4,4,4,4,3,3,2,2,4,4,1,3,4,4,1,1,1,4,3,1,2,1,3,3,2,2,2,2,2,1,2,2,2,2,3,4,4,2,1,2,2,4,2,1,1,1,
KOK_17_007,3,3,1,1,2,4,2,2,4,3,4,1,4,4,1,3,4,4,4,4,2,4,1,1,4,4,4,4,3,3,2,2,4,1,1,3,4,4,1,3,4,4,3,1,1,1,3,3,2,2,2,2,2,2,2,2,2,2,3,4,2,2,1,1,2,2,2,2,1,3,
KOK_17_008,3,3,1,1,2,4,4,2,4,3,4,1,2,4,3,3,3,4,4,4,2,2,3,3,4,4,4,3,3,3,2,2,4,1,1,1,3,4,3,3,4,4,3,1,2,1,3,3,2,2,2,4,2,1,2,2,2,2,4,4,4,2,1,1,2,2,1,1,1,1,
KOK_17_009,3,3,1,2,2,2,2,2,3,3,4,4,4,4,3,3,4,4,4,4,4,4,3,3,4,4,4,4,3,3,2,2,4,1,1,3,4,4,3,3,4,4,3,3,2,1,1,3,1,2,2,4,2,1,2,2,2,2,3,3,4,2,1,1,2,2,2,1,1,3,
KOK_17_010,3,3,1,2,2,4,2,2,4,4,4,4,2,4,1,3,3,4,4,4,2,2,1,1,4,4,4,4,3,3,2,2,4,1,1,1,3,4,3,3,1,4,3,3,2,1,3,3,1,2,4,4,1,1,2,2,2,2,4,4,2,2,1,2,2,4,2,2,1,3,
KOK_17_011,3,3,2,2,2,2,2,2,4,3,4,1,4,4,3,3,4,4,4,4,2,2,1,1,4,4,4,4,3,3,2,2,4,1,1,1,4,4,3,3,4,4,3,1,1,1,3,3,2,2,2,2,2,2,2,3,2,2,3,4,2,2,1,1,2,2,2,2,1,3,
KOK_17_012,3,3,1,1,2,4,2,2,4,4,4,1,2,2,1,3,4,4,4,4,2,2,1,3,4,4,4,3,3,3,2,2,4,4,1,3,4,4,1,3,4,4,1,1,2,2,1,3,2,2,2,4,2,1,2,2,2,2,3,4,4,2,1,1,2,2,2,1,1,3,
KOK_17_013,3,3,1,1,2,2,2,2,4,4,4,4,2,2,1,3,4,4,4,4,2,4,1,3,4,4,4,3,3,3,2,2,4,4,1,3,4,4,1,3,4,4,3,1,2,2,1,3,2,2,2,4,2,2,2,3,2,2,3,3,4,2,1,1,2,2,2,1,1,3,
KOK_17_014,3,3,2,2,2,4,2,2,4,3,4,1,2,4,3,3,3,4,4,4,2,4,3,3,4,4,4,4,3,3,2,2,4,1,1,1,4,4,1,3,4,4,3,1,2,2,3,3,1,2,2,2,2,1,2,3,2,2,3,4,4,4,1,1,2,2,2,1,1,1,
KOK_17_015,3,3,1,2,2,2,2,2,4,3,4,1,4,4,3,3,4,4,4,4,2,4,1,1,4,4,4,4,3,3,2,2,4,4,1,1,4,4,1,3,4,4,3,1,1,1,3,3,2,2,2,2,2,2,2,3,2,2,3,4,2,2,1,1,2,2,2,2,1,1,
KOK_17_016,3,3,1,1,2,4,2,2,4,3,4,1,2,4,1,3,4,4,4,4,2,4,1,1,4,4,4,4,3,3,2,2,4,1,1,3,4,4,3,3,4,4,3,1,1,1,3,3,2,2,2,2,2,2,2,2,2,2,3,4,4,2,1,1,2,2,2,2,1,3,
KOK_17_017,3,3,1,2,2,4,2,2,4,4,4,4,2,4,1,3,0,0,4,4,2,2,1,1,4,4,4,3,1,3,2,4,4,4,3,3,4,4,1,3,4,4,3,3,1,1,1,3,2,2,2,4,2,1,2,2,2,1,4,4,4,4,1,1,2,2,2,2,1,1,
KOK_17_018,3,3,1,2,2,4,2,2,4,3,4,1,2,4,3,3,3,4,4,4,2,4,1,3,4,4,4,4,3,3,2,2,4,1,1,1,3,4,1,3,4,4,3,1,2,1,3,3,1,2,2,2,2,2,3,3,2,2,3,4,2,2,1,1,2,2,2,1,1,3,
KOK_17_019,3,3,1,2,2,4,2,2,4,4,1,1,2,4,3,3,4,4,4,4,2,4,1,1,4,4,4,4,3,3,2,2,4,1,1,1,4,4,3,3,1,4,3,3,1,1,3,3,1,2,2,4,2,1,2,2,2,2,3,3,2,2,1,1,2,4,1,1,1,3,
KOK_17_020,3,3,1,2,2,2,2,2,4,4,4,4,2,4,3,3,3,4,4,4,4,4,1,3,4,4,4,4,3,3,2,2,4,1,1,3,4,4,1,3,4,4,3,3,2,2,1,3,1,2,2,4,2,1,2,2,2,2,3,4,2,2,1,2,2,2,1,1,1,1,
KOK_17_021,3,3,1,1,2,2,2,2,4,4,4,4,2,2,3,3,3,4,4,4,4,4,3,3,4,4,4,4,3,3,2,2,1,1,1,1,4,4,1,3,4,4,3,1,2,1,3,3,2,2,2,2,2,1,2,2,2,2,3,4,2,2,1,1,2,2,1,1,1,1,
KOK_17_022,3,3,1,2,2,2,2,2,3,3,4,4,4,4,1,3,4,4,4,4,4,4,3,3,4,4,4,4,3,3,2,2,4,1,3,3,4,4,3,3,4,4,3,3,2,1,1,3,1,2,2,2,2,2,2,2,2,2,3,4,4,2,1,1,2,2,2,1,1,3,
KOK_17_023,3,3,1,2,2,2,2,2,4,3,4,4,2,2,3,3,3,4,4,4,2,4,3,3,4,4,4,4,3,3,2,2,4,1,1,1,4,4,1,3,4,4,3,3,2,1,3,3,1,2,2,2,2,2,3,3,2,2,4,4,4,2,0,0,2,2,2,1,1,3,
KOK_17_024,3,3,1,2,2,2,2,2,4,3,4,1,2,4,1,3,4,4,4,4,2,4,1,1,4,4,4,4,3,3,2,2,4,1,1,1,4,4,1,3,4,4,3,1,2,1,3,3,2,2,2,2,2,2,2,3,2,2,3,4,4,2,1,1,2,2,2,2,1,1,
KOK_17_025,3,3,1,2,2,2,2,2,4,3,4,4,2,4,3,3,3,4,4,4,2,4,1,3,4,4,4,4,3,3,2,2,1,1,1,1,4,4,1,1,4,4,3,1,2,1,1,3,1,2,2,2,2,2,2,3,2,2,4,4,4,2,1,1,2,2,2,2,1,3,
KOK_17_026,3,3,1,2,2,2,4,2,4,3,4,1,2,4,3,3,3,4,4,4,2,4,3,3,4,4,4,4,3,3,2,2,4,4,1,1,4,4,3,3,4,4,1,1,1,1,1,3,2,2,2,4,2,1,2,2,2,2,3,4,4,2,1,1,2,2,2,2,1,1,
KOK_17_027,3,3,1,2,2,4,2,2,3,3,4,4,2,4,1,3,3,3,4,4,2,2,1,3,4,4,4,3,1,3,2,4,4,1,1,1,4,4,1,3,4,4,1,1,2,2,1,3,2,2,2,4,2,1,2,2,2,1,4,4,4,2,1,1,2,2,1,1,1,1,
KOK_17_028,3,3,1,1,2,2,2,2,4,3,1,1,2,2,1,3,4,4,4,4,4,4,1,1,4,4,4,4,3,3,2,2,4,1,1,3,3,4,3,3,1,4,3,1,1,1,3,3,1,2,2,2,2,1,2,3,2,2,3,4,4,2,1,2,4,4,1,1,1,3,
KOK_17_029,3,3,1,2,2,2,2,2,4,3,4,4,2,2,3,3,3,4,4,4,2,4,1,3,4,4,4,4,3,3,2,2,1,1,1,1,4,4,1,3,4,4,3,1,2,1,1,3,1,1,2,2,2,1,2,2,2,2,4,4,2,2,1,1,2,2,2,1,1,3,
KOK_17_030,3,3,1,1,2,4,2,2,4,4,1,1,2,4,3,3,3,4,4,4,2,4,1,3,4,4,0,0,3,3,2,2,4,1,1,3,4,4,1,3,1,4,3,1,2,1,3,3,2,2,2,2,2,2,2,2,2,2,3,4,4,2,1,2,4,4,2,2,1,3,
KOK_17_031,3,3,1,2,2,2,2,2,4,3,4,4,2,4,3,3,3,4,4,4,2,4,1,1,4,4,4,4,3,3,2,4,4,4,3,3,4,4,1,3,4,4,1,1,2,1,1,3,1,2,2,2,2,1,2,2,2,1,3,3,4,2,1,1,2,2,2,2,1,1,
KOK_17_032,3,3,1,2,2,2,2,2,3,3,4,4,4,4,1,3,4,4,4,4,2,4,1,3,4,4,4,4,3,3,2,2,4,1,1,3,4,4,1,3,4,4,3,3,2,1,3,3,2,2,2,4,1,1,2,2,2,2,3,3,4,2,1,1,2,2,2,2,1,1,
KOK_17_033,3,3,1,1,2,2,2,2,3,3,4,4,2,4,3,3,3,3,4,4,2,2,1,1,4,4,4,3,3,3,2,4,4,4,1,3,4,4,1,3,4,4,3,1,2,1,1,3,2,2,2,4,2,1,2,2,2,1,3,4,4,4,1,1,2,2,2,1,1,1,
KOK_17_034,3,3,2,2,2,4,2,2,4,3,4,1,4,4,3,3,4,4,4,4,2,2,1,1,4,4,4,4,3,3,2,2,4,1,1,3,4,4,1,3,4,4,3,1,2,1,3,3,2,2,2,2,2,2,2,3,2,2,3,4,4,2,1,1,2,2,2,2,1,1,
KOK_17_035,3,3,1,2,2,4,2,2,4,4,4,1,2,4,3,3,4,4,4,4,2,4,1,3,4,4,4,3,3,3,2,2,4,1,3,3,4,4,1,3,4,4,3,1,2,2,3,3,1,2,2,2,2,1,2,3,2,2,3,3,4,2,1,1,2,4,2,1,3,3,
KOK_17_036,3,3,1,2,2,2,4,2,3,3,4,4,2,2,3,3,3,4,4,4,2,4,1,3,4,4,4,4,3,3,2,2,4,4,1,1,4,4,1,3,4,4,3,1,1,1,3,3,1,2,2,4,2,1,2,2,2,2,3,4,2,2,1,1,2,2,2,2,1,3,
KOK_17_037,3,3,1,2,2,4,2,2,4,3,4,4,2,4,3,3,3,4,4,4,2,4,3,3,4,4,4,4,3,3,2,2,1,1,1,1,4,4,3,3,4,4,3,1,2,1,3,3,1,2,2,2,2,2,2,3,2,2,3,4,2,2,1,1,2,2,2,1,1,1,
KOK_17_038,3,3,1,2,2,4,2,2,4,4,1,1,2,4,3,3,4,4,4,4,2,4,1,1,4,4,4,4,3,3,2,2,4,4,1,3,4,4,3,3,4,4,3,3,2,2,3,3,2,2,2,4,2,1,2,3,2,2,3,3,4,2,1,1,2,4,2,2,1,3,
KOK_17_039,3,3,1,2,2,2,2,2,4,3,4,1,2,4,3,3,4,4,4,4,2,2,1,1,4,4,4,4,3,3,2,2,4,1,1,1,4,4,3,3,4,4,1,1,1,1,3,3,2,2,2,2,2,2,2,3,2,2,3,4,4,2,1,1,2,2,2,2,1,3,
KOK_17_040,3,3,1,1,2,2,2,2,4,4,4,4,2,2,3,3,4,4,4,4,2,4,1,1,4,2,4,4,3,3,2,2,4,1,1,3,4,4,1,3,4,4,3,3,2,2,3,3,1,1,2,2,2,1,2,2,2,2,3,4,2,2,1,2,2,4,1,1,1,1,
KOK_17_041,3,3,1,1,2,4,2,2,4,4,4,1,2,2,1,3,4,4,4,4,2,4,1,1,4,4,4,3,3,3,2,2,1,1,1,3,4,4,1,3,4,4,1,1,2,1,1,3,2,2,2,2,2,2,2,3,2,2,3,3,4,2,1,1,2,2,2,2,1,3,
KOK_17_042,3,3,1,1,2,4,2,2,4,3,4,1,4,4,1,3,4,4,4,4,2,2,1,1,4,4,4,4,3,3,2,2,4,1,1,3,4,4,1,1,4,4,1,1,1,1,3,3,2,2,2,2,2,2,2,2,2,2,3,4,4,2,1,1,2,2,2,2,1,1,
KOK_17_043,3,3,2,2,2,2,2,2,3,3,4,4,4,4,1,3,4,4,4,4,2,4,1,3,4,4,4,4,3,3,2,2,4,1,3,3,4,4,3,3,4,4,3,1,2,2,3,3,1,2,2,4,1,1,2,2,2,2,3,4,2,2,1,1,2,2,2,1,1,3,
KOK_17_044,3,3,1,1,2,2,2,2,4,4,4,4,2,4,3,3,3,4,4,4,2,4,3,3,4,2,4,4,3,3,2,2,4,1,1,3,4,4,3,3,4,4,3,1,2,2,3,3,1,2,2,4,2,2,2,2,2,2,3,4,4,2,1,2,2,4,2,2,1,3,
KOK_17_045,3,3,2,2,2,4,2,2,4,3,4,1,2,4,3,3,4,4,4,4,4,4,3,3,4,4,4,4,3,3,2,2,4,1,3,3,4,4,3,3,4,4,1,1,2,2,3,3,2,2,2,2,2,2,2,3,2,2,3,4,4,4,1,1,2,2,2,2,1,3,
KOK_17_046,1,3,1,2,4,4,2,2,4,3,4,1,2,2,3,3,3,4,4,4,2,4,1,3,4,4,4,4,3,3,2,2,4,4,1,1,4,4,1,3,4,4,3,1,2,2,3,3,1,2,2,4,2,1,2,3,2,2,3,4,4,2,1,1,2,2,2,2,3,3,
KOK_17_047,3,3,1,1,2,2,2,2,4,4,4,1,2,4,1,3,4,4,4,4,2,2,1,1,4,4,4,4,3,3,2,2,4,1,1,3,4,4,1,3,4,4,3,1,2,2,3,3,2,2,2,4,2,1,2,2,2,2,3,3,4,2,1,1,2,2,2,1,1,3,
KOK_17_048,3,3,1,1,2,2,2,2,4,4,4,4,2,2,3,3,3,3,4,4,2,2,1,3,4,4,3,3,3,3,2,4,4,1,1,1,4,4,1,3,4,4,3,3,1,1,1,3,2,2,2,4,1,1,2,2,2,1,4,4,4,2,1,1,2,2,2,2,1,1,
KOK_17_049,3,3,1,1,2,4,2,2,4,4,4,1,2,4,3,3,4,4,4,4,2,4,1,1,4,4,4,3,3,3,2,2,4,1,1,3,4,4,1,3,4,4,3,1,2,2,1,3,2,2,2,4,2,1,2,2,2,2,3,4,4,2,1,1,2,2,2,2,1,1,
KOK_17_050,3,3,1,1,2,4,2,2,4,3,1,1,2,2,3,3,3,4,4,4,2,4,1,3,4,4,4,4,3,3,2,2,4,1,1,3,4,4,1,3,4,4,3,3,2,2,3,3,2,2,2,2,2,2,2,3,2,2,3,4,4,4,1,1,2,4,2,1,3,3,
KOK_17_051,3,3,1,2,2,2,2,2,4,3,4,1,2,2,3,3,3,4,4,4,2,4,3,3,4,4,4,4,3,3,2,2,4,1,0,0,3,4,1,3,4,4,3,3,2,1,1,3,1,2,2,2,2,2,2,3,2,2,3,4,4,2,1,1,2,2,2,1,1,3,
KOK_17_052,3,3,1,1,2,4,2,2,4,4,4,1,2,2,3,3,4,4,4,4,2,4,1,3,4,4,4,4,3,3,2,2,4,1,1,3,4,4,1,3,4,4,1,1,2,2,1,3,2,2,2,2,2,1,2,3,2,2,3,4,4,2,1,1,2,2,2,2,1,1,
KOK_17_053,3,3,1,2,2,2,2,2,4,3,4,1,2,4,3,3,3,4,4,4,2,4,1,3,4,4,4,4,3,3,2,2,1,1,1,1,4,4,1,3,4,4,3,1,2,1,3,3,1,2,2,2,2,2,3,3,2,2,4,4,4,4,1,1,2,2,2,2,1,3,
KOK_17_054,3,3,1,1,2,2,2,2,4,3,4,4,2,4,3,3,3,3,4,4,2,4,1,3,4,4,4,4,3,3,2,4,4,4,3,3,4,4,1,3,4,4,1,1,2,2,1,3,1,2,2,2,2,1,2,2,2,2,3,4,4,2,1,1,2,2,2,2,1,3,
KOK_17_055,3,3,1,2,2,4,2,2,3,3,4,4,2,4,1,3,3,3,4,4,2,2,1,3,4,4,3,3,3,3,2,4,4,1,1,3,4,4,1,3,4,4,1,1,1,1,1,3,2,2,2,4,2,1,2,2,2,1,3,4,4,2,1,1,2,2,2,1,1,1,
KOK_17_056,3,3,1,2,2,2,2,2,4,3,4,4,2,4,3,3,3,4,4,4,2,4,1,3,4,4,4,4,3,3,2,2,1,1,1,1,4,4,1,3,4,4,3,3,2,1,3,3,1,2,2,2,2,2,3,3,2,2,4,4,4,2,1,1,2,2,2,1,1,1,
KOK_17_057,3,3,2,2,2,2,2,2,4,3,4,1,2,2,3,3,3,4,4,4,2,4,3,3,4,4,4,4,3,3,2,2,4,1,3,3,4,4,1,3,4,4,3,3,2,1,3,3,1,1,2,2,2,1,2,2,2,2,3,4,4,2,1,1,2,4,2,2,1,3,
KOK_17_058,3,3,1,2,2,2,2,2,4,3,1,1,2,4,1,3,4,4,4,4,2,4,3,3,4,4,4,3,3,3,2,2,4,1,1,1,4,4,3,3,4,4,1,1,1,1,1,3,1,2,2,2,2,2,2,2,2,2,3,4,4,2,1,1,2,2,2,2,1,3,
KOK_17_059,3,3,1,2,2,4,2,2,4,3,4,1,2,2,3,3,3,4,4,4,2,4,1,3,4,4,4,4,3,3,2,2,4,1,1,1,3,4,1,3,4,4,3,1,2,1,1,3,1,2,2,2,2,2,2,3,2,2,3,4,4,4,1,1,2,2,2,2,1,1,
KOK_17_060,3,3,1,2,2,2,2,2,4,3,4,1,2,4,3,3,4,4,4,4,2,4,1,1,4,4,4,4,3,3,2,2,4,1,1,1,4,4,3,3,4,4,1,1,1,1,1,3,1,2,2,2,2,2,2,2,2,2,3,4,4,2,1,1,2,2,2,1,1,3,
KOK_17_061,3,3,1,2,2,2,2,2,3,3,4,1,2,2,3,3,3,4,4,4,2,4,3,3,4,4,4,3,3,3,2,2,1,1,3,3,4,4,1,3,4,4,3,1,2,2,3,3,1,2,2,2,2,1,2,2,2,2,3,4,2,2,1,1,2,4,2,2,1,1,
KOK_17_062,3,3,1,1,2,4,2,2,4,3,4,1,2,4,1,3,4,4,4,4,2,4,1,1,4,4,4,4,3,3,2,2,4,1,1,3,4,4,1,3,4,4,3,1,1,1,3,3,2,2,2,2,2,2,2,2,2,2,3,4,4,4,1,1,2,2,2,2,1,1,
KOK_17_063,3,3,1,2,2,2,2,2,3,3,4,4,2,4,3,3,4,4,4,4,2,4,3,3,4,4,4,4,3,3,2,2,4,1,1,3,4,4,3,3,4,4,3,3,2,2,3,3,2,2,2,2,2,1,2,2,2,2,3,3,4,4,1,1,2,2,2,2,1,3,
KOK_17_064,3,3,1,1,2,4,2,2,4,3,4,1,2,4,3,3,3,4,4,4,2,4,1,1,4,4,4,4,3,3,2,2,4,1,1,3,4,4,1,3,4,4,3,3,2,2,3,3,2,2,2,4,2,1,2,3,2,2,3,4,4,4,1,1,2,4,2,2,1,1,
KOK_17_065,3,3,2,2,2,4,2,2,4,3,4,1,2,4,3,3,3,4,4,4,2,4,3,3,4,4,4,3,3,3,2,2,4,1,3,3,4,4,1,3,4,4,3,1,2,2,3,3,2,2,2,4,2,2,2,2,2,2,3,4,4,2,1,1,2,4,2,2,3,3,
KOK_17_066,3,3,2,2,2,2,2,2,4,3,4,4,2,2,3,3,4,4,4,4,4,4,3,3,4,2,4,3,3,3,2,4,4,1,3,3,4,4,3,3,1,4,3,1,2,2,3,3,2,2,2,4,2,2,2,3,2,2,3,4,4,2,1,1,2,4,2,1,1,3,
KOK_17_067,3,3,1,2,2,2,4,2,4,3,4,4,2,2,3,3,3,4,4,4,2,4,1,3,4,2,4,3,3,3,2,2,4,1,1,3,4,4,3,3,1,4,3,3,2,2,3,3,1,2,2,4,2,2,2,2,2,2,3,4,2,2,1,2,2,2,2,2,1,1,
KOK_17_068,3,3,1,1,4,4,2,2,4,4,4,1,2,4,1,3,4,4,4,4,2,2,1,1,4,4,4,4,3,3,2,2,4,1,1,3,4,4,1,3,4,4,3,1,2,1,3,3,2,2,2,2,2,2,2,3,2,2,3,3,4,2,1,1,2,2,2,2,1,1,
KOK_17_069,3,3,1,1,2,2,2,2,4,3,4,4,2,2,3,3,4,4,4,4,4,4,1,1,4,4,4,4,3,3,2,2,4,1,3,3,4,4,1,3,4,4,3,3,2,2,3,3,1,2,2,2,2,1,2,2,2,2,3,4,4,2,1,2,2,2,2,1,1,1,
KOK_17_070,3,3,1,1,4,4,2,2,4,4,4,1,2,2,3,3,4,4,4,4,2,4,1,3,4,4,4,3,3,3,2,2,4,1,1,3,4,4,1,3,4,4,1,1,2,1,1,3,2,2,2,4,2,2,2,3,2,2,3,3,4,2,1,1,2,2,2,1,1,1,
KOK_17_071,3,3,1,1,2,2,2,2,4,4,4,1,2,2,3,3,4,4,4,4,2,4,1,1,4,4,4,3,3,3,2,2,4,1,1,3,4,4,1,3,4,4,3,1,2,1,1,3,2,2,2,4,2,2,2,2,2,2,3,4,4,2,1,1,2,2,2,1,1,1,
KOK_17_072,3,3,1,1,2,2,2,2,4,4,4,4,2,2,3,3,4,4,4,4,2,4,1,1,4,4,4,3,3,3,2,2,4,1,1,3,4,4,1,3,4,4,1,1,2,2,1,3,2,2,2,4,2,2,2,2,2,2,3,3,4,2,1,1,2,2,2,1,1,1,
KOK_17_073,3,3,1,1,2,4,2,2,4,4,1,1,2,4,1,3,4,4,4,4,2,4,1,3,4,4,4,4,3,3,2,2,4,1,1,1,4,4,3,3,4,4,3,3,2,1,1,3,2,2,4,4,2,2,2,3,2,2,3,3,2,2,1,1,2,4,2,2,1,3,
KOK_17_074,3,3,1,1,2,2,2,2,4,3,4,4,2,4,1,3,3,3,4,4,2,4,3,3,4,4,4,3,1,3,2,2,4,4,1,3,4,4,1,3,1,4,1,1,2,1,3,3,1,2,2,2,2,2,2,2,2,2,3,4,4,4,1,1,2,4,2,1,1,3,
KOK_17_075,3,3,1,1,4,4,2,2,4,4,4,1,2,2,3,3,4,4,4,4,2,4,1,3,4,4,4,3,3,3,2,2,4,4,1,3,4,4,1,3,4,4,3,1,2,2,1,3,2,2,2,4,2,2,2,3,2,2,3,4,4,2,1,1,2,2,2,1,1,3,
KOK_17_076,1,3,1,1,2,4,2,2,4,4,4,1,2,2,3,3,3,4,4,4,2,2,1,3,4,4,4,4,1,3,2,2,4,4,1,1,4,4,3,3,1,4,1,1,2,1,3,3,2,2,2,2,2,1,2,2,2,2,3,4,4,2,1,1,4,4,2,2,1,3,
KOK_17_077,3,3,1,2,2,2,2,2,4,3,4,4,2,4,3,3,3,4,4,4,2,4,3,3,4,4,4,4,3,3,2,2,4,1,1,1,4,4,1,1,4,4,3,3,2,1,1,3,1,2,2,2,2,2,2,3,2,2,4,4,4,2,1,1,2,2,2,2,1,3,
KOK_17_078,3,3,1,1,2,4,2,2,4,3,4,4,2,4,1,3,4,4,4,4,4,4,1,1,4,4,4,4,3,3,2,2,4,1,1,3,4,4,3,3,1,4,3,3,2,1,1,3,2,2,2,4,2,1,2,2,2,2,4,4,4,2,1,1,4,4,2,1,1,3,
KOK_17_079,3,3,1,1,2,4,2,2,4,4,1,1,2,2,3,3,3,4,4,4,2,4,1,3,4,4,4,3,1,3,2,2,4,1,1,3,4,4,1,3,1,4,3,1,2,1,3,3,2,2,2,4,2,1,2,2,2,2,3,4,2,2,1,1,2,4,1,1,1,3,
KOK_17_080,3,3,1,2,2,4,2,2,4,3,4,4,2,2,3,3,3,4,4,4,2,4,1,3,4,4,4,4,3,3,2,2,1,1,1,1,3,4,1,3,4,4,3,3,2,1,1,3,1,2,2,2,2,2,3,3,2,2,3,4,4,4,1,1,2,2,2,1,1,3,
KOK_17_081,3,3,1,2,2,2,2,2,3,3,4,4,4,4,3,3,4,4,4,4,2,4,1,3,4,4,4,4,3,3,2,2,4,1,1,3,4,4,3,3,4,4,3,1,2,2,1,3,2,2,2,2,1,1,2,2,2,2,3,3,4,4,1,1,2,2,2,2,1,3,
KOK_17_082,1,3,1,1,4,4,2,2,4,4,1,1,2,4,3,3,3,4,4,4,2,4,1,3,4,4,4,3,1,3,2,2,4,1,1,1,4,4,1,3,1,4,1,1,2,1,3,3,2,2,2,4,2,2,2,2,2,2,3,4,4,2,1,2,2,4,1,1,1,1,
KOK_17_083,3,3,1,2,2,4,2,2,4,3,4,1,2,4,1,3,4,4,4,4,2,4,1,1,4,4,4,4,3,3,2,2,4,4,1,1,4,4,1,3,4,4,1,1,1,1,3,3,2,2,2,2,2,2,2,2,2,2,3,4,4,2,1,1,2,2,2,2,1,3,
KOK_17_084,3,3,1,1,2,4,2,2,4,3,4,1,4,4,3,3,3,3,4,4,2,2,1,3,4,4,4,3,3,3,2,2,4,1,1,1,4,4,1,3,4,4,3,1,2,1,1,3,2,2,2,2,2,2,2,2,2,2,3,4,2,2,1,1,2,2,1,1,1,1,
KOK_17_085,3,3,1,1,2,4,2,2,4,3,4,1,4,4,1,3,4,4,4,4,2,2,1,1,4,4,4,4,3,3,2,2,4,1,1,3,4,4,1,3,4,4,1,1,1,1,3,3,2,2,2,2,2,2,2,3,2,2,3,4,4,2,1,1,2,2,2,2,1,3,
KOK_17_086,3,3,1,2,2,4,2,2,4,3,4,4,2,2,3,3,3,4,4,4,2,4,1,3,4,4,4,4,3,3,2,2,4,1,1,1,4,4,1,1,4,4,3,3,2,1,3,3,1,2,2,2,2,2,3,3,2,2,4,4,4,4,1,1,2,2,2,2,1,3,
KOK_17_087,3,3,1,1,4,4,2,2,4,4,4,1,2,2,3,3,4,4,4,4,2,4,1,1,4,4,4,4,3,3,2,2,1,1,1,3,4,4,1,3,4,4,1,1,2,2,1,3,2,2,2,4,2,2,2,3,2,2,3,3,4,2,1,1,2,2,2,1,1,1,
KOK_17_088,1,3,1,2,4,4,2,2,4,3,1,1,2,2,3,3,3,4,4,4,2,4,3,3,4,4,4,4,3,3,2,2,4,1,1,3,4,4,3,3,4,4,3,1,2,2,3,3,2,2,2,4,2,1,2,3,2,2,3,4,4,2,1,1,2,4,2,2,1,3,
KOK_17_089,3,3,1,1,2,2,2,2,4,3,4,4,2,4,3,3,3,4,4,4,2,2,1,3,4,4,4,3,3,3,2,4,4,1,3,3,4,4,1,3,4,4,1,1,2,1,1,3,2,2,2,4,2,1,2,2,2,2,3,3,2,2,1,1,2,4,2,1,0,0,
KOK_17_090,1,3,1,1,2,4,2,2,4,4,4,1,2,4,3,3,3,4,4,4,2,4,1,3,4,4,4,3,3,3,2,2,4,1,1,3,4,4,1,3,1,4,1,1,2,1,3,3,2,2,2,2,2,1,2,2,2,2,3,4,4,2,1,2,2,4,2,1,1,3,
KOK_17_091,3,3,1,1,2,2,2,2,4,3,4,4,2,4,3,3,3,4,4,4,2,4,1,1,4,4,4,4,3,3,2,2,1,1,1,3,4,4,1,3,1,4,3,1,2,1,3,3,1,2,2,4,2,1,2,2,2,2,3,4,2,2,1,1,2,2,2,2,1,1,
KOK_17_092,3,3,1,2,2,2,2,2,3,3,4,4,2,4,1,3,4,4,4,4,2,4,3,3,4,4,4,4,3,3,2,2,4,1,1,3,4,4,3,3,4,4,3,3,2,2,1,3,2,2,2,2,2,2,2,2,2,2,3,3,4,4,1,1,2,2,2,1,1,3,
KOK_17_093,3,3,1,2,2,2,2,2,3,3,4,4,2,2,3,3,3,4,4,4,4,4,1,1,4,4,4,4,3,3,2,2,4,1,1,1,4,4,1,3,4,4,3,1,2,1,1,3,1,2,2,4,1,1,2,2,2,2,3,4,2,2,1,1,2,2,2,2,1,1,
KOK_17_094,3,3,1,2,2,2,2,2,4,4,4,1,2,4,1,3,3,4,4,4,2,4,1,1,4,4,4,4,3,3,2,2,4,1,1,1,3,4,3,3,1,4,3,3,2,1,1,3,2,2,2,2,2,1,2,3,2,2,3,4,2,2,1,2,2,4,1,1,1,3,
KOK_17_095,3,3,1,1,2,4,2,2,4,3,4,1,2,4,3,3,3,3,4,4,2,2,3,3,4,4,3,3,3,3,2,2,4,1,1,1,4,4,1,3,4,4,3,3,2,1,3,3,2,2,2,2,2,2,2,2,2,2,3,4,2,2,1,1,2,2,2,1,1,1,
KOK_17_096,1,3,1,2,4,4,2,2,4,4,1,1,2,4,3,3,3,4,4,4,2,4,1,3,4,4,4,4,1,3,2,2,4,4,1,1,4,4,1,1,1,4,1,1,2,1,3,3,2,2,2,2,2,1,2,2,2,2,3,4,2,2,1,2,2,2,2,1,1,1,
KOK_17_097,3,3,1,2,2,2,2,2,4,3,4,4,2,2,3,3,3,4,4,4,2,4,3,3,4,4,4,4,3,3,2,2,1,1,1,1,4,4,3,3,4,4,3,1,2,1,3,3,1,2,2,2,2,2,3,3,2,2,4,4,4,2,1,1,2,2,2,2,1,1,
KOK_17_098,1,3,2,2,4,4,2,2,4,4,4,1,2,4,3,3,3,4,4,4,2,4,1,3,4,4,4,3,3,3,2,2,4,1,3,3,4,4,1,1,4,4,3,1,2,2,3,3,1,2,2,2,2,2,2,3,2,2,3,4,4,4,1,1,2,4,2,1,1,3,
KOK_17_099,3,3,2,2,2,4,2,2,4,3,4,1,2,4,3,3,3,4,4,4,2,4,1,1,4,4,4,4,3,3,2,2,4,4,1,3,4,4,1,3,4,4,3,3,2,2,3,3,1,2,2,4,2,2,2,3,2,2,3,4,4,4,1,1,2,4,2,2,1,1,
KOK_17_100,3,3,1,2,2,2,2,2,4,3,4,4,2,4,3,3,3,4,4,4,2,4,3,3,4,4,4,4,3,3,2,2,1,1,1,1,3,4,1,1,4,4,3,1,2,1,1,3,1,2,2,2,2,2,3,3,2,2,3,4,4,4,1,1,2,2,2,2,1,3,
KOK_17_101,3,3,1,2,2,2,4,2,4,3,4,4,2,2,3,3,3,4,4,4,4,4,1,3,4,4,4,3,3,3,2,2,4,1,3,3,4,4,3,3,1,4,3,1,2,1,3,3,1,2,2,4,2,1,2,2,2,2,4,4,2,2,1,2,2,2,2,1,1,3,
KOK_17_102,3,3,1,2,2,4,2,2,4,3,1,1,2,4,1,3,4,4,4,4,2,4,1,3,4,4,4,4,3,3,2,2,4,1,1,3,4,4,3,3,4,4,3,1,1,1,1,3,1,2,2,2,2,2,2,2,2,2,3,3,4,2,1,1,2,2,2,2,1,3,
KOK_17_103,3,3,1,2,2,2,2,2,4,4,4,4,2,4,3,3,3,4,4,4,2,4,1,3,4,4,4,4,3,3,2,2,4,1,1,1,4,4,1,3,1,4,3,1,2,1,3,3,1,2,2,2,2,1,2,2,2,2,3,4,4,2,1,1,2,2,2,1,1,3,
KOK_17_104,1,3,1,1,2,4,2,2,4,4,4,4,2,4,3,3,3,4,4,4,2,2,1,3,4,4,4,4,1,3,2,2,4,1,1,1,4,4,3,3,1,4,1,1,2,1,3,3,2,2,2,4,2,2,2,2,2,2,3,4,2,2,1,2,2,4,2,1,1,3,
KOK_17_105,3,3,1,1,2,4,2,2,4,4,4,1,2,4,3,3,3,4,4,4,2,2,1,3,4,4,4,3,3,3,2,2,4,4,1,3,4,4,1,1,1,4,1,1,2,1,3,3,2,2,2,4,2,1,2,2,2,2,3,4,4,2,1,2,2,4,2,1,1,1,
KOK_17_106,3,3,1,2,2,4,2,2,4,3,4,1,2,4,3,3,3,4,4,4,4,4,1,3,4,4,4,4,3,3,2,2,4,1,1,3,4,4,1,3,4,4,1,1,2,1,3,3,2,2,2,2,2,2,2,3,2,2,3,4,4,2,1,1,2,2,2,2,1,3,
KOK_17_107,3,3,1,2,2,4,2,2,4,3,4,4,2,2,3,3,3,4,4,4,2,4,1,3,4,4,4,4,3,3,2,2,1,1,1,1,4,4,1,3,4,4,3,1,2,1,3,3,1,2,2,2,2,2,3,3,2,2,3,4,4,2,1,1,2,2,2,2,1,3,
KOK_17_108,3,3,1,1,2,4,4,2,4,3,4,1,4,4,3,3,3,3,4,4,2,2,1,3,4,4,4,3,3,3,2,2,4,1,1,1,4,4,1,3,4,4,3,3,2,1,1,3,2,2,2,2,2,1,2,2,2,2,4,4,4,2,1,1,2,2,2,1,1,1,
KOK_17_109,3,3,1,2,2,2,2,2,4,3,4,1,4,4,1,3,4,4,4,4,2,4,1,1,4,4,4,4,3,3,2,2,4,4,1,3,4,4,3,3,4,4,3,1,1,1,3,3,2,2,2,2,2,2,2,3,2,2,3,4,4,2,1,1,2,2,2,2,1,3,
KOK_17_110,3,3,1,1,2,4,2,2,4,4,4,1,2,2,3,3,4,4,4,4,2,4,3,3,4,4,4,3,3,3,2,2,4,4,1,1,4,4,1,3,4,4,3,3,2,2,3,3,2,2,2,4,2,1,2,3,2,2,3,3,4,2,1,1,2,2,2,2,1,1,
KOK_17_111,3,3,1,1,2,4,2,2,4,3,4,1,2,4,1,3,4,4,4,4,2,2,1,1,4,4,4,4,3,3,2,2,4,4,1,3,4,4,3,3,4,4,3,1,1,1,3,3,2,2,2,2,2,2,2,2,2,2,3,4,4,2,1,1,2,2,2,2,1,3,
KOK_17_112,3,3,1,1,2,2,2,2,4,3,4,4,2,4,3,3,3,4,4,4,2,2,1,3,4,4,4,3,3,3,2,4,4,1,3,3,4,4,1,3,4,4,1,1,2,1,1,3,2,2,2,2,2,1,2,2,2,2,3,3,2,2,1,1,2,2,2,2,1,1,
KOK_17_113,3,3,1,1,2,4,2,2,4,4,4,4,2,4,1,3,3,4,4,4,4,4,3,3,4,4,4,4,3,3,2,2,4,1,1,3,4,4,1,3,4,4,1,1,2,2,3,3,2,2,2,2,2,2,2,3,2,2,4,4,4,4,1,1,2,2,2,2,1,3,
KOK_17_114,3,3,1,2,2,2,2,2,3,3,4,4,2,4,1,3,4,4,4,4,4,4,3,3,4,4,4,4,3,3,2,2,4,1,1,1,4,4,1,3,4,4,3,3,2,2,1,3,1,2,2,4,2,2,2,2,2,2,3,4,4,2,1,1,2,2,2,1,1,1,
KOK_17_115,3,3,1,2,2,4,2,2,4,3,4,1,2,2,3,3,3,4,4,4,2,4,1,3,4,4,4,4,3,3,2,2,4,4,1,3,4,4,1,3,4,4,3,3,2,2,3,3,2,2,2,2,2,1,2,2,2,2,3,4,4,4,1,1,2,4,2,1,1,1,
KOK_17_116,3,3,1,2,2,2,2,2,4,3,4,1,2,4,3,3,3,4,4,4,2,4,3,3,4,4,4,4,3,3,2,2,1,1,1,1,3,4,1,1,4,4,3,3,2,1,1,3,1,2,2,2,2,2,3,3,2,2,3,4,4,4,1,1,2,2,2,1,1,3,
KOK_17_117,3,3,1,2,2,2,2,2,3,3,4,4,2,4,1,3,4,4,4,4,4,4,1,3,4,4,4,4,3,3,2,2,4,1,3,3,4,4,1,3,4,4,3,3,2,1,1,3,2,2,2,4,1,1,2,2,2,2,3,3,4,2,1,1,2,2,2,2,1,1,
KOK_17_118,3,3,1,1,2,2,2,2,4,3,4,4,2,4,3,3,3,4,4,4,4,4,1,3,4,4,4,4,3,3,2,2,4,1,1,3,4,4,1,3,4,4,3,1,2,1,1,3,2,2,2,2,2,1,2,2,2,2,3,4,4,2,1,1,2,2,1,1,1,1,
KOK_17_119,1,3,1,2,4,4,2,2,4,3,1,1,2,4,3,3,4,4,4,4,2,4,1,1,4,4,4,3,3,3,2,2,4,4,1,3,4,4,3,3,4,4,3,3,2,2,3,3,1,2,2,4,2,1,2,3,2,2,3,3,4,2,1,1,2,2,2,2,1,3,
KOK_17_120,3,3,1,2,2,4,2,2,4,3,4,4,2,2,1,3,3,4,4,4,2,2,1,3,4,4,3,3,1,3,2,4,4,4,1,3,4,4,1,3,4,4,3,3,1,1,1,3,2,2,2,4,1,1,2,2,2,1,3,3,4,4,1,1,2,2,1,1,1,1,
KOK_17_121,3,3,1,2,2,2,2,2,4,3,4,4,2,4,3,3,3,3,4,4,2,4,1,3,4,4,4,4,3,3,2,2,4,4,3,3,4,4,1,3,4,4,1,1,2,2,1,3,1,1,2,2,2,1,2,2,2,2,3,4,4,2,1,1,2,2,0,0,1,1,
KOK_17_122,3,3,1,1,2,4,2,2,4,4,4,1,2,4,3,3,4,4,4,4,2,4,1,3,4,4,4,3,3,3,2,2,4,1,1,3,4,4,1,3,4,4,1,1,2,1,1,3,2,2,2,4,2,1,2,3,2,2,3,4,4,2,1,1,2,2,2,1,1,1,
KOK_17_123,3,3,1,2,2,4,2,2,4,3,4,4,2,2,1,3,4,4,4,4,4,4,1,1,4,4,4,4,3,3,2,2,4,1,1,3,3,4,3,3,1,4,3,3,2,1,1,3,2,2,2,4,2,1,2,2,2,1,3,4,2,2,1,2,4,4,1,1,1,3,
KOK_17_124,1,3,1,1,2,4,2,2,4,4,4,4,2,2,3,3,3,4,4,4,2,2,1,3,4,4,4,4,1,3,2,2,4,4,1,1,4,4,1,1,1,4,3,1,2,1,3,3,2,2,2,4,2,2,2,2,2,2,3,4,4,4,1,2,2,4,2,1,1,1,
KOK_17_125,3,3,1,2,2,4,2,2,4,3,4,1,2,4,3,3,3,4,4,4,2,4,3,3,4,4,4,4,3,3,2,2,4,1,1,1,4,4,1,3,4,4,3,3,2,1,1,3,1,2,2,2,2,2,3,3,2,2,4,4,4,2,1,1,2,2,2,1,1,3,
KOK_17_126,3,3,1,1,2,2,2,2,4,3,4,4,2,4,3,3,3,3,4,4,2,2,1,3,4,4,4,4,3,3,2,4,4,1,3,3,4,4,1,3,4,4,1,1,2,1,1,3,2,2,2,2,2,1,2,2,2,1,3,4,2,2,1,1,2,4,2,2,1,3,
KOK_17_127,3,3,1,1,2,4,2,2,4,4,4,1,2,2,3,3,4,4,4,4,4,4,3,3,4,4,4,4,3,3,2,2,4,1,1,1,4,4,1,3,4,4,1,1,2,2,3,3,2,2,2,2,2,2,2,2,2,2,3,4,4,4,1,1,2,2,2,2,1,3,
KOK_17_128,3,3,1,1,2,2,2,2,4,4,4,4,2,2,3,3,3,4,4,4,4,4,1,1,4,2,4,4,3,3,2,2,4,1,1,3,4,4,1,3,1,4,3,1,2,2,1,3,1,2,2,4,2,1,2,2,2,2,4,4,2,2,1,2,2,2,1,1,1,3,
KOK_17_129,3,3,1,1,2,2,2,2,4,3,4,4,2,4,3,3,3,4,4,4,2,2,1,3,4,4,4,3,3,3,2,2,4,1,3,3,4,4,1,3,4,4,3,1,2,1,1,3,1,1,2,4,2,1,2,2,2,2,3,3,4,2,1,1,2,2,2,1,1,1,
KOK_17_130,3,3,1,2,2,4,2,2,4,4,4,1,2,2,3,3,4,4,4,4,2,4,1,1,4,4,4,4,3,3,2,2,4,1,1,3,4,4,3,3,4,4,3,3,2,2,3,3,2,2,2,4,2,2,2,3,2,2,3,3,4,2,1,1,2,2,0,0,1,3,
KOK_17_131,3,3,1,1,2,4,2,2,4,4,4,1,2,2,3,3,4,4,4,4,2,2,1,1,4,4,4,4,3,3,2,2,1,1,1,3,4,4,1,3,4,4,1,1,2,2,1,3,2,2,2,4,2,2,2,3,2,2,3,3,4,2,1,1,2,2,0,0,1,1,
KOK_17_132,3,3,1,2,2,4,2,2,4,3,4,1,4,4,3,3,4,4,4,4,2,4,1,1,4,4,4,4,3,3,2,2,4,4,1,1,4,4,1,3,4,4,1,1,1,1,3,3,2,2,2,2,2,2,2,2,2,2,3,4,4,2,1,1,2,2,2,2,1,3,
KOK_17_133,3,3,1,1,2,2,2,2,3,3,4,4,2,4,3,3,3,4,4,4,4,4,3,3,4,4,4,3,3,3,2,2,4,1,1,3,3,4,3,3,4,4,3,1,2,2,3,3,1,2,2,2,2,1,2,2,2,2,3,3,2,2,1,1,2,2,2,2,1,3,
KOK_17_134,3,3,1,1,2,2,2,2,4,4,4,1,2,2,1,3,4,4,4,4,2,2,1,1,4,4,4,4,3,3,2,2,4,1,1,3,4,4,1,3,4,4,1,1,2,1,3,3,2,2,2,4,2,2,2,2,2,2,3,3,4,2,1,1,2,2,2,1,1,3,
KOK_17_135,1,3,1,2,4,4,2,2,4,4,4,4,2,4,3,3,3,3,4,4,2,4,1,3,4,4,4,4,1,3,2,2,4,4,1,1,4,4,3,3,1,4,3,1,2,1,3,3,2,2,2,2,2,2,2,2,2,2,3,4,4,4,1,1,2,4,2,2,1,3,
KOK_17_136,3,3,1,2,2,2,2,2,3,3,4,4,2,4,1,3,4,4,4,4,2,4,3,3,4,4,4,4,3,3,2,2,4,1,1,3,4,4,3,3,4,4,3,3,2,1,3,3,1,2,2,4,2,1,2,2,2,2,3,4,2,2,1,1,2,2,2,2,1,3,
KOK_17_137,3,3,1,2,2,2,2,2,4,4,4,1,2,2,3,3,3,4,4,4,2,4,1,3,4,4,4,4,3,3,2,2,4,4,1,3,4,4,1,3,1,4,3,1,2,1,3,3,2,2,2,4,2,1,2,2,2,2,3,4,4,2,1,1,4,4,0,0,1,1,
KOK_17_138,3,3,2,2,2,2,2,2,4,4,4,4,2,2,3,3,3,4,4,4,2,4,1,3,4,4,4,4,3,3,2,2,1,1,1,1,4,4,1,3,1,4,3,1,2,1,1,3,2,2,2,2,1,1,2,2,2,2,3,4,2,2,1,1,2,2,0,0,1,3,
KOK_17_139,1,3,1,1,4,4,2,2,4,4,4,4,2,2,3,3,3,4,4,4,2,4,1,3,4,4,4,4,1,3,2,2,4,4,1,3,4,4,1,1,1,4,3,1,2,1,3,3,2,2,2,4,2,2,2,2,2,2,3,4,4,2,1,1,2,4,0,0,1,1,
KOK_17_140,3,3,1,2,2,4,2,2,4,3,4,1,2,4,3,3,3,4,4,4,2,4,3,3,4,4,4,4,3,3,2,2,4,1,1,1,4,4,1,3,4,4,3,3,2,1,3,3,1,2,2,2,2,2,2,3,2,2,4,4,4,2,1,1,2,2,2,2,1,3,
KOK_17_141,3,3,1,2,2,4,2,2,4,3,4,4,2,2,3,3,3,4,4,4,2,4,3,3,4,4,4,4,3,3,2,2,4,1,1,1,4,4,1,3,4,4,3,1,2,1,3,3,1,2,2,2,2,2,3,3,2,2,4,4,4,2,1,1,2,2,2,1,1,1,
KOK_17_142,3,3,1,2,2,2,2,2,4,3,4,1,2,2,3,3,3,4,4,4,2,4,3,3,4,4,4,4,3,3,2,2,1,1,1,1,4,4,1,3,4,4,3,1,2,1,1,3,1,2,2,2,2,2,3,3,2,2,3,4,4,4,1,1,2,2,2,2,1,1,
KOK_17_143,3,3,1,1,2,4,2,2,4,4,4,1,2,2,3,3,3,3,4,4,2,4,1,3,4,4,4,3,1,3,2,2,4,1,1,3,4,4,3,3,1,4,1,1,2,1,3,3,2,2,2,2,2,2,2,2,2,2,3,4,2,2,1,2,4,4,2,1,1,3,
KOK_17_144,3,3,1,1,2,2,2,2,4,3,4,4,2,4,3,3,3,3,4,4,2,4,1,1,4,4,4,4,3,3,2,4,4,4,3,3,4,4,1,3,4,4,1,1,2,2,1,3,2,2,2,2,2,1,2,2,2,2,3,4,2,2,1,1,2,4,2,1,1,1,
KOK_17_145,1,3,1,1,4,4,2,2,4,4,4,1,2,4,3,3,4,4,4,4,2,4,1,3,4,4,4,3,3,3,2,2,4,1,1,3,4,4,3,3,4,4,3,1,2,2,3,3,2,2,2,2,2,1,2,3,2,2,3,3,4,4,1,1,2,4,2,1,1,3,
KOK_17_146,3,3,1,2,2,2,2,2,3,3,4,1,2,2,3,3,4,4,4,4,2,4,1,3,4,4,4,3,3,3,2,2,4,1,3,3,4,4,1,3,4,4,3,3,2,1,3,3,0,0,2,2,2,1,2,2,2,2,3,4,4,2,1,1,2,4,2,2,1,3,
KOK_17_147,3,3,1,1,4,4,2,2,4,4,4,1,2,4,1,3,4,4,4,4,2,4,1,1,4,4,4,4,3,3,2,2,4,4,1,3,4,4,1,3,4,4,1,1,2,1,1,3,2,2,2,4,2,2,2,3,2,2,3,3,4,2,1,1,2,2,2,1,1,3,
KOK_17_148,1,3,1,1,4,4,2,2,4,4,4,1,2,4,3,3,4,4,4,4,2,4,1,1,4,4,4,3,3,3,2,2,4,1,1,3,4,4,1,3,4,4,3,1,2,2,3,3,1,2,2,4,2,1,2,3,2,2,3,3,4,4,1,1,2,4,2,2,3,3,
KOK_17_149,3,3,1,2,2,4,2,2,4,3,1,1,2,4,1,3,4,4,4,4,2,4,1,3,4,4,4,4,3,3,2,2,4,1,1,1,4,4,3,3,4,4,3,1,2,1,1,3,1,2,2,2,2,2,2,2,2,2,3,3,4,2,1,1,2,2,2,1,1,3,
KOK_17_150,3,3,1,1,2,2,2,2,4,3,1,1,2,2,1,3,3,4,4,4,2,4,1,1,4,4,4,4,3,3,2,2,4,1,1,1,3,4,3,3,1,4,3,1,2,2,1,3,2,2,2,4,2,2,2,2,2,1,3,4,2,2,1,1,2,4,2,1,1,3,
KOK_17_151,3,3,1,1,2,2,2,2,4,4,1,1,4,4,1,3,4,4,4,4,2,2,1,3,4,4,4,4,3,3,2,2,4,1,1,3,4,4,3,3,1,4,3,3,2,1,3,3,2,2,4,4,2,1,2,3,2,2,3,4,2,2,1,1,2,4,2,1,1,3,
KOK_17_152,3,3,1,1,2,2,2,2,4,3,4,1,2,4,3,3,4,4,4,4,2,4,1,1,4,4,4,4,3,3,2,2,4,1,1,3,4,4,1,1,4,4,3,1,1,1,3,3,2,2,2,2,2,2,2,3,2,2,3,4,4,2,1,1,2,2,2,2,1,1,
KOK_17_153,3,3,1,2,2,4,2,2,4,3,4,4,0,0,3,3,0,0,0,0,2,2,1,3,0,0,3,3,3,3,0,0,4,1,0,0,0,0,1,3,4,4,3,1,0,0,1,3,0,0,0,0,0,0,2,2,0,0,0,0,4,4,0,0,0,0,0,0,1,1,
KOK_17_154,3,3,1,1,2,2,2,2,4,3,4,4,2,4,3,3,3,3,0,0,2,4,1,3,4,4,4,4,3,3,2,4,4,1,3,3,4,4,1,3,4,4,1,1,2,2,1,3,1,2,2,4,2,1,2,2,2,1,3,4,4,2,1,1,2,2,2,1,1,3,
KOK_17_155,1,3,2,2,4,4,2,2,4,4,4,1,2,4,3,3,4,4,0,0,2,4,1,3,4,4,4,4,3,3,2,2,4,4,1,3,4,4,1,3,4,4,3,1,2,2,3,3,1,2,2,2,2,1,2,2,2,2,3,3,4,2,1,1,2,2,2,1,3,3,
KOK_17_156,3,3,1,2,2,2,2,2,3,3,4,4,2,2,3,3,3,4,4,4,4,4,3,3,4,4,4,4,3,3,2,2,1,1,1,1,4,4,1,3,4,4,3,1,2,1,1,3,1,2,2,4,2,1,2,2,2,2,3,4,2,2,1,1,2,2,2,2,1,3,
KOK_17_157,3,3,1,2,2,4,2,2,4,4,1,1,2,2,3,3,3,3,4,4,2,2,1,3,4,4,4,4,3,3,2,2,4,4,1,3,4,4,1,3,1,4,3,1,2,1,3,3,2,2,2,2,2,2,2,2,2,2,3,4,4,2,1,2,2,4,2,1,1,1,
KOK_17_158,3,3,1,1,2,2,2,2,4,3,4,4,2,4,3,3,3,4,4,4,2,2,1,3,4,4,4,4,3,3,2,4,4,1,3,3,4,4,1,3,4,4,3,1,2,1,1,3,2,2,2,4,2,1,2,2,2,1,3,3,2,2,1,1,2,2,2,1,1,1,
KOK_17_159,3,3,1,2,2,2,2,2,4,3,4,1,2,4,3,3,3,4,4,4,2,4,3,3,4,4,4,4,3,3,2,2,1,1,1,1,3,4,1,3,4,4,3,1,2,1,1,3,1,2,2,2,2,2,2,3,2,2,3,4,4,2,1,1,2,2,2,1,1,1,
KOK_17_160,3,3,1,1,2,4,2,2,4,4,4,1,2,2,1,3,4,4,4,4,2,2,1,3,4,4,4,3,3,3,2,2,4,4,1,3,4,4,1,3,4,4,3,1,2,1,1,3,2,2,0,0,2,2,2,2,2,2,3,3,4,2,1,1,2,2,2,1,1,1,
KOK_17_161,3,3,1,1,2,2,2,2,4,3,4,4,2,4,3,3,3,4,4,4,2,4,1,1,4,4,4,4,3,3,2,2,4,4,3,3,4,4,1,3,4,4,3,1,2,1,1,3,1,1,2,2,2,1,2,2,2,1,3,3,4,2,1,1,2,2,2,2,1,1,
KOK_17_162,3,3,1,2,2,4,2,2,4,4,4,1,2,4,3,3,3,4,4,4,2,4,1,1,4,4,4,4,3,3,2,2,4,4,1,3,4,4,1,3,4,4,3,1,2,2,3,3,2,2,2,4,2,1,2,3,2,2,3,4,4,2,1,1,2,4,2,2,3,3,
KOK_17_163,3,3,1,1,2,4,2,2,4,4,4,1,2,4,3,3,3,3,4,4,2,4,1,3,4,4,4,4,1,3,2,2,4,1,1,3,4,4,1,1,1,4,3,1,2,1,3,3,2,2,2,4,2,2,2,2,2,2,3,4,2,2,1,1,2,4,1,1,1,1,
KOK_17_164,3,3,2,2,2,2,2,2,3,3,4,4,2,2,3,3,4,4,4,4,2,4,3,3,4,4,4,3,3,3,2,2,4,1,3,3,4,4,1,3,4,4,3,1,2,2,3,3,1,2,2,2,2,1,2,2,2,2,3,4,2,2,1,1,2,2,2,2,1,1,
KOK_17_165,3,3,1,2,2,2,2,2,4,3,4,1,2,2,3,3,3,4,4,4,2,4,3,3,4,4,4,4,3,3,2,2,1,1,1,1,4,4,1,3,4,4,3,1,2,1,1,3,0,0,2,2,2,2,3,3,2,2,4,4,4,4,1,1,2,2,2,2,1,3,
KOK_17_166,3,3,1,2,2,2,2,2,4,3,4,1,2,4,3,3,3,4,4,4,2,4,3,3,4,4,4,4,3,3,2,2,4,1,1,1,4,4,1,1,4,4,3,3,2,1,3,3,1,2,2,2,2,2,3,3,2,2,3,4,4,2,1,1,2,2,2,1,1,3,
KOK_17_167,3,3,1,1,2,2,2,2,4,4,4,4,2,2,3,3,4,4,4,4,2,2,1,1,4,4,4,3,3,3,2,2,4,1,1,3,4,4,1,3,4,4,3,1,2,2,3,3,2,2,2,4,2,2,2,2,2,2,3,3,4,2,1,1,2,2,2,1,1,3,
KOK_17_168,3,3,1,1,2,4,2,2,4,4,4,1,2,2,3,3,4,4,4,4,2,4,1,1,4,4,4,4,3,3,2,2,4,4,1,3,4,4,1,3,4,4,3,3,2,2,3,3,2,2,2,4,2,2,2,2,2,2,3,3,4,2,1,1,2,4,2,2,3,3,
KOK_17_169,3,3,1,1,0,0,2,2,4,4,4,4,2,4,3,3,4,4,4,4,2,4,0,0,4,4,4,4,3,3,2,2,1,1,1,3,4,4,1,3,4,4,3,1,2,2,1,3,2,2,2,4,2,2,2,2,2,2,3,3,4,2,1,1,2,2,2,1,1,1,
KOK_17_170,3,3,1,2,2,2,2,2,4,4,4,1,4,4,3,3,4,4,4,4,2,2,1,1,4,4,4,4,3,3,2,2,4,1,1,1,4,4,3,3,1,4,3,3,2,1,3,3,1,2,2,4,2,2,2,2,2,2,4,4,2,2,1,1,2,4,1,1,1,3,
KOK_17_171,3,3,1,2,2,4,2,2,4,3,4,1,2,4,3,3,3,4,4,4,2,4,3,3,4,4,4,4,3,3,2,2,1,1,1,1,4,4,1,3,4,4,3,1,2,1,3,3,1,2,2,2,2,2,3,3,2,2,3,4,2,2,1,1,2,2,2,2,1,3,
KOK_17_172,1,3,1,2,4,4,2,2,4,4,4,1,2,2,3,3,3,4,4,4,2,4,1,3,4,4,4,3,1,3,2,2,4,4,1,1,4,4,1,1,1,4,3,1,2,1,0,0,2,2,2,2,2,1,2,2,2,2,3,4,2,2,1,1,2,4,2,1,1,1,
KOK_17_173,3,3,1,1,2,2,4,2,3,3,4,1,2,4,3,3,3,4,4,4,2,2,1,3,4,4,4,4,3,3,2,2,4,4,1,1,4,4,3,3,4,4,1,1,1,1,3,3,1,2,2,4,2,1,2,2,2,2,4,4,4,2,1,1,2,2,2,2,1,1,
KOK_17_174,3,3,1,2,2,4,2,2,4,3,1,1,2,2,3,3,3,4,4,4,2,4,1,3,4,4,4,3,3,3,2,2,4,1,1,1,4,4,3,3,4,4,3,3,2,2,3,3,1,2,2,4,2,1,2,3,2,2,3,4,4,4,1,1,2,2,2,2,1,3,
KOK_17_175,3,3,1,1,2,4,4,2,4,3,4,1,4,4,3,3,3,3,4,4,2,2,1,3,4,4,4,3,3,3,2,2,4,1,1,1,3,4,3,3,4,4,3,1,2,1,1,3,2,2,2,2,2,2,2,2,2,2,4,4,4,2,1,1,2,2,1,1,1,3,
KOK_17_176,3,3,1,1,2,2,2,2,4,4,4,4,2,2,1,3,4,4,4,4,2,2,1,1,4,4,4,4,3,3,2,2,1,1,1,3,4,4,1,3,4,4,3,1,2,2,1,3,2,2,2,4,2,2,2,3,2,2,3,3,4,2,1,1,2,2,2,1,1,1,
KOK_17_177,1,3,1,1,4,4,2,2,4,4,1,1,2,4,3,3,3,4,4,4,2,4,1,3,4,4,4,3,3,3,2,2,4,4,1,1,4,4,1,3,0,0,1,1,0,0,3,3,2,2,2,4,2,1,2,2,2,2,3,4,2,2,1,1,2,4,1,1,1,3,
KOK_17_178,3,3,1,2,2,2,2,2,3,3,4,4,2,4,1,3,4,4,4,4,2,4,1,3,4,4,4,4,3,3,2,2,4,1,1,3,4,4,1,3,4,4,3,3,0,0,3,3,2,2,2,2,2,1,2,2,2,2,3,4,4,2,1,1,2,2,2,1,1,1,
KOK_17_179,3,3,2,2,2,2,2,2,4,3,4,1,2,4,1,3,3,4,4,4,2,4,3,3,4,4,4,3,3,3,2,4,4,1,3,3,3,4,3,3,1,4,3,1,2,2,3,3,2,2,2,4,2,2,2,3,2,2,3,4,4,2,1,1,2,4,2,2,1,3,
KOK_17_180,3,3,1,2,2,2,2,2,3,3,4,4,4,4,3,3,4,4,4,4,2,4,3,3,4,4,4,4,3,3,2,2,4,1,3,3,4,4,1,3,4,4,3,3,2,2,1,3,2,2,2,2,2,1,2,2,2,2,3,3,4,2,1,1,2,2,2,2,1,1,
KOK_17_181,3,3,1,2,2,4,2,2,4,3,4,1,2,4,3,3,3,4,4,4,2,4,3,3,4,4,4,4,3,3,2,2,4,1,1,1,4,4,1,3,4,4,3,3,2,1,1,3,1,2,2,2,2,2,3,3,2,2,3,4,4,2,1,1,2,2,2,1,1,3,
KOK_17_182,1,3,1,2,4,4,2,2,4,3,4,1,2,4,3,3,3,4,4,4,0,0,1,3,4,4,4,3,3,3,2,2,0,0,1,3,4,4,1,3,4,4,0,0,2,2,3,3,1,2,0,0,2,1,2,2,2,2,0,0,4,2,1,1,2,4,2,1,0,0,
KOK_17_183,3,3,1,2,2,2,2,2,3,3,4,4,2,4,3,3,4,4,4,4,4,4,3,3,4,4,4,4,3,3,2,2,4,1,1,3,4,4,3,3,4,4,3,3,2,2,3,3,1,2,2,2,2,2,2,2,2,2,3,3,2,2,1,1,2,2,2,2,1,3,
KOK_17_184,3,3,1,1,2,2,2,2,4,4,1,1,2,4,1,3,3,4,4,4,2,2,1,1,4,4,4,4,3,3,2,2,4,1,1,3,4,4,3,3,1,4,3,3,2,1,3,3,2,2,2,4,2,1,2,3,2,2,3,4,2,2,1,1,2,4,1,1,1,3,
KOK_17_185,1,3,1,2,2,4,2,2,4,4,4,1,2,2,3,3,3,3,4,4,2,4,0,0,4,4,4,4,3,3,2,2,4,4,1,3,4,4,0,0,1,4,3,1,0,0,3,3,2,2,2,2,2,1,2,2,2,2,3,4,4,4,0,0,2,2,2,1,1,3,
KOK_17_186,3,3,1,2,2,4,2,2,4,4,4,1,2,2,3,3,3,4,4,4,2,4,1,3,4,4,4,4,1,3,2,2,4,4,1,3,4,4,1,1,1,4,1,1,2,1,3,3,2,2,2,4,2,1,2,2,2,2,3,4,4,2,0,0,2,4,1,1,1,1,
KOK_17_187,3,3,1,2,2,2,2,2,4,3,4,1,2,4,1,3,4,4,4,4,2,4,3,3,4,4,4,3,3,3,2,2,4,4,1,3,4,4,3,3,4,4,3,1,2,1,1,3,2,2,2,2,2,2,2,2,2,2,3,4,2,2,1,1,2,2,2,2,1,3,
KOK_17_188,3,3,1,2,2,2,2,2,4,3,4,4,2,2,3,3,4,4,4,4,2,4,1,3,4,4,4,3,3,3,2,2,4,1,3,3,4,4,3,3,4,4,3,1,1,1,1,3,1,2,2,2,2,2,2,2,2,2,3,3,4,2,1,1,2,4,2,1,1,3,
KOK_17_189,3,3,1,1,2,4,2,2,4,4,4,1,2,2,1,3,3,4,4,4,2,4,1,1,4,2,4,4,3,3,2,2,4,1,1,1,4,4,1,3,1,4,3,3,1,1,1,3,1,2,4,4,2,1,2,2,2,2,4,4,4,2,1,1,2,4,2,2,1,3,
KOK_17_190,3,3,1,2,2,2,2,2,4,4,1,1,2,2,1,3,4,4,4,4,2,4,1,1,4,2,4,4,3,3,2,2,4,1,1,3,4,4,1,3,1,4,3,3,2,2,3,3,1,2,4,4,2,2,2,3,2,2,4,4,2,2,1,1,4,4,2,2,1,3,
KOK_17_191,3,3,1,2,2,2,2,2,4,4,4,4,2,2,3,3,3,4,4,4,4,4,1,3,4,4,4,3,3,3,2,2,4,1,3,3,4,4,3,3,1,4,3,3,2,2,3,3,1,1,4,4,2,1,2,2,2,2,3,4,4,2,1,2,2,4,2,2,1,1,
KOK_17_192,3,3,1,1,2,4,2,2,4,3,4,1,2,4,1,3,3,4,4,4,4,4,3,3,4,4,4,4,3,3,2,2,4,4,1,3,4,4,3,3,4,4,1,1,2,1,3,3,2,2,2,2,2,2,2,2,2,2,4,4,4,4,1,1,2,2,2,2,3,3,
KOK_17_193,3,3,1,2,2,4,2,2,4,3,4,1,2,4,3,3,3,4,4,4,2,4,1,3,4,4,4,4,3,3,2,2,1,1,1,1,4,4,1,1,4,4,3,3,2,1,3,3,1,2,2,2,2,2,3,3,2,2,3,4,2,2,1,1,2,2,2,2,1,3,
KOK_17_194,3,3,2,2,2,2,2,2,3,3,4,4,2,4,3,3,4,4,4,4,2,4,3,3,4,4,4,4,3,3,2,2,4,1,1,3,4,4,1,3,4,4,3,3,2,2,3,3,2,2,2,4,2,2,2,2,0,0,3,3,4,2,0,0,0,0,2,2,1,1,
KOK_17_195,3,3,1,1,2,4,2,2,4,3,4,1,2,2,3,3,3,4,4,4,2,2,3,3,4,4,4,3,3,3,2,2,4,1,1,1,4,4,3,3,4,4,3,3,2,1,1,3,2,2,2,2,2,2,2,2,2,2,3,4,2,2,1,1,2,2,1,1,1,3,
KOK_17_196,3,3,1,1,4,4,2,2,4,4,4,1,2,2,3,3,4,4,4,4,2,4,1,3,4,4,4,4,3,3,2,2,1,1,1,3,4,4,1,3,4,4,1,1,2,2,1,3,2,2,2,2,2,2,2,3,2,2,3,3,4,2,1,1,2,2,2,2,1,1,
KOK_17_197,3,3,1,2,2,2,2,2,3,3,4,4,2,4,3,3,4,4,4,4,4,4,3,3,4,4,4,4,3,3,2,2,4,1,1,3,4,4,1,3,4,4,3,1,2,1,1,3,1,2,2,2,2,1,2,2,2,2,3,4,2,2,1,1,2,2,2,2,1,1,
KOK_17_198,3,3,1,2,2,2,4,2,4,4,4,4,2,4,3,3,3,4,4,4,4,4,1,3,4,2,4,4,3,3,2,2,4,1,3,3,4,4,3,3,4,4,3,1,2,2,1,3,1,1,2,4,2,2,2,2,2,2,3,4,2,2,1,2,2,2,1,1,1,3,
KOK_17_199,3,3,1,1,2,4,2,2,4,3,4,1,4,4,3,3,3,3,4,4,2,2,3,3,4,4,4,3,3,3,2,2,4,1,1,1,3,4,3,3,4,4,3,3,1,1,3,3,2,2,2,4,2,1,2,2,2,2,3,4,2,2,1,1,2,2,1,1,1,3,
KOK_17_200,3,3,1,2,2,4,2,2,4,3,4,1,2,4,3,3,4,4,4,4,2,4,1,3,4,4,4,4,3,3,2,2,4,1,1,3,4,4,3,3,4,4,3,1,2,1,1,3,2,2,2,2,2,2,2,2,2,2,3,3,2,2,1,1,2,2,2,2,1,3,
KOK_17_201,3,3,1,2,2,4,2,2,4,3,4,4,2,4,3,3,3,4,4,4,2,4,1,3,4,4,4,4,3,3,2,2,4,1,1,1,4,4,3,3,4,4,3,1,2,1,3,3,1,2,2,2,2,2,2,3,2,2,4,4,4,4,1,1,2,2,2,1,1,1,
KOK_17_202,3,3,1,2,2,4,2,2,4,4,4,1,2,4,1,3,4,4,4,4,2,4,1,3,4,4,4,4,3,3,2,2,4,1,1,3,4,4,3,3,1,4,3,3,2,1,3,3,2,2,4,4,2,1,2,2,2,2,3,4,2,2,1,1,2,4,2,2,1,3,
KOK_17_203,3,3,2,2,2,2,2,2,4,3,4,4,2,4,3,3,3,4,4,4,4,4,1,3,4,4,4,4,3,3,2,2,4,1,1,1,4,4,1,3,1,4,3,1,2,1,1,3,1,2,2,4,2,1,2,2,2,2,4,4,2,2,1,1,2,2,2,2,1,3,
KOK_17_204,3,3,1,1,2,2,2,2,4,4,4,4,2,2,1,3,3,3,4,4,2,2,1,1,4,4,4,3,3,3,2,4,4,1,1,3,4,4,1,3,4,4,3,1,2,2,1,3,2,2,2,4,1,1,2,2,2,2,3,4,4,2,1,1,2,2,1,1,1,1,
KOK_17_205,3,3,1,1,2,2,2,2,4,4,4,1,2,4,3,3,3,4,4,4,2,2,1,3,4,4,4,3,1,3,2,2,4,1,1,3,4,4,1,1,1,4,3,1,2,1,3,3,2,2,2,4,2,1,2,2,2,2,3,4,2,2,1,1,2,4,2,1,1,1,
KOK_17_206,3,3,1,1,2,2,2,2,4,3,1,1,2,2,3,3,3,4,4,4,4,4,1,3,4,4,4,3,3,3,2,2,4,1,1,3,3,4,3,3,4,4,1,1,1,1,1,3,2,2,2,2,2,2,2,2,2,2,3,4,4,2,1,1,2,2,2,1,1,3,
KOK_17_207,3,3,1,2,2,4,2,2,4,3,4,1,2,2,3,3,3,4,4,4,2,4,3,3,4,4,4,4,3,3,2,2,1,1,1,1,4,4,1,1,4,4,3,3,2,1,1,3,1,2,2,2,2,2,2,3,2,2,4,4,4,4,1,1,2,2,2,1,1,3,
KOK_17_208,3,3,1,2,0,0,2,2,4,3,4,1,4,4,3,3,3,4,4,4,2,4,1,3,4,4,4,4,3,3,2,2,4,1,1,1,4,4,1,1,4,4,3,3,2,1,1,3,1,2,2,2,2,2,2,3,2,2,4,4,4,2,1,1,2,2,2,1,1,3,
KOK_17_209,1,3,1,1,4,4,2,2,4,4,4,1,2,4,3,3,3,4,4,4,2,2,1,3,4,4,4,4,3,3,2,2,4,1,1,3,4,4,3,3,1,4,1,1,2,1,3,3,2,2,2,4,2,2,2,2,2,2,3,4,4,4,1,2,2,4,2,1,1,3,
KOK_17_210,3,3,1,1,2,4,2,2,4,4,4,4,2,2,3,3,3,4,4,4,2,2,1,3,4,4,4,3,1,3,2,2,4,1,1,3,4,4,1,1,1,4,3,1,2,1,3,3,2,2,2,2,2,2,2,2,2,2,3,4,4,2,1,2,2,4,2,2,1,1,
KOK_17_211,3,3,1,2,2,2,2,2,3,3,4,4,2,2,3,3,3,4,4,4,2,2,1,1,4,4,4,3,1,3,2,4,4,4,1,1,4,4,1,3,4,4,1,1,2,1,1,3,2,2,2,2,1,1,2,2,2,2,3,4,4,2,1,1,2,2,2,1,1,1,
KOK_17_212,3,3,1,1,2,2,2,2,4,3,4,4,2,2,1,3,3,4,4,4,2,2,1,3,4,4,4,3,3,3,2,4,4,4,1,1,4,4,1,3,4,4,3,1,2,2,1,3,2,2,4,4,2,1,2,2,2,1,3,4,4,4,1,1,2,2,2,1,1,1,
KOK_17_213,3,3,1,1,2,4,2,2,4,3,4,1,2,4,3,3,4,4,4,4,2,2,1,1,4,4,4,4,3,3,2,2,4,4,1,1,4,4,1,3,4,4,3,1,1,1,3,3,2,2,2,2,2,2,2,3,2,2,3,4,4,4,1,1,2,2,2,2,1,3,
KOK_17_214,1,3,1,2,4,4,2,2,4,4,4,4,2,4,3,3,3,4,4,4,2,2,1,3,4,4,4,4,1,3,2,2,4,1,1,3,4,4,1,3,1,4,1,1,2,1,3,3,2,2,2,4,2,2,2,2,2,2,3,4,2,2,1,1,4,4,1,1,1,3,
KOK_17_215,3,3,1,2,2,4,2,2,4,3,4,1,4,4,3,3,4,4,4,4,2,2,1,1,4,4,4,4,3,3,2,2,4,1,1,1,4,4,1,1,4,4,3,1,2,1,3,3,2,2,2,2,2,2,2,3,2,2,3,4,2,2,1,1,2,2,2,2,1,1,
KOK_17_216,3,3,1,2,2,2,2,2,3,3,4,4,4,4,3,3,4,4,4,4,4,4,1,3,4,4,4,4,3,3,2,2,4,1,1,1,4,4,3,3,4,4,3,1,2,2,1,3,1,2,2,2,2,1,2,2,2,2,3,3,4,2,1,1,2,2,2,2,1,3,
KOK_17_217,3,3,2,2,2,2,2,2,4,4,4,4,2,2,3,3,3,4,4,4,2,4,1,1,4,4,4,4,3,3,2,2,1,1,1,3,4,4,1,3,4,4,3,1,2,1,3,3,1,2,2,4,1,1,2,2,2,2,3,4,4,2,1,1,2,2,2,2,1,1,
KOK_17_218,3,3,1,2,2,2,2,2,3,3,4,4,2,2,3,3,3,4,4,4,2,4,1,3,4,4,4,4,3,3,2,2,1,1,1,3,4,4,1,3,4,4,3,1,2,1,3,3,1,1,2,2,2,1,2,2,2,2,4,4,4,2,1,1,2,2,1,1,1,3,
KOK_17_219,3,3,1,2,2,2,2,2,4,3,4,1,2,2,3,3,3,4,4,4,2,4,3,3,4,4,4,4,3,3,2,2,4,1,1,1,3,4,3,3,4,4,3,3,2,1,3,3,1,2,2,2,2,2,3,3,2,2,3,4,2,2,1,1,2,2,2,1,1,1,
KOK_17_220,3,3,1,1,2,2,2,2,4,3,4,4,2,4,3,3,3,4,4,4,2,2,1,3,4,4,4,3,3,3,2,4,4,4,1,1,4,4,1,3,4,4,1,1,2,1,1,3,2,2,2,2,2,1,2,2,2,1,3,3,4,2,1,1,2,2,2,1,1,1,
KOK_17_221,3,3,1,1,4,4,2,2,4,4,4,4,2,2,1,3,4,4,4,4,2,2,1,3,4,4,4,3,3,3,2,2,1,1,1,3,4,4,1,3,4,4,1,1,2,1,1,3,2,2,2,4,2,2,2,2,2,2,3,3,4,2,1,1,2,2,2,1,1,1,
KOK_17_222,3,3,1,2,2,2,2,2,4,3,4,4,2,2,1,3,3,4,4,4,2,4,3,3,4,2,4,4,3,3,2,4,4,1,1,3,3,4,3,3,1,4,3,1,2,1,3,3,1,2,2,4,2,2,2,2,2,2,3,4,2,2,1,1,2,4,2,2,1,3,
KOK_17_223,3,3,1,2,2,4,2,2,4,3,4,1,2,2,3,3,3,4,4,4,2,4,1,3,4,4,4,4,3,3,2,2,4,1,1,1,4,4,1,3,4,4,3,3,2,1,1,3,1,2,2,2,2,2,2,3,2,2,4,4,2,2,1,1,2,2,2,1,1,3,
KOK_17_224,3,3,1,2,2,2,4,2,4,4,4,4,2,4,3,3,4,4,4,4,4,4,1,3,4,4,4,3,3,3,2,2,4,1,3,3,4,4,1,3,4,4,3,3,2,1,3,3,1,2,2,2,2,2,2,2,2,2,4,4,4,2,1,2,2,4,2,1,1,3,
KOK_17_225,3,3,1,2,2,4,2,2,4,3,1,1,2,4,1,3,4,4,4,4,2,4,3,3,4,4,4,3,3,3,2,2,4,4,1,3,4,4,3,3,4,4,1,1,2,1,1,3,2,2,2,2,2,2,2,2,2,2,3,4,2,2,1,1,2,4,2,2,1,3,
KOK_17_226,3,3,1,2,2,2,2,2,4,4,4,4,2,2,1,3,3,4,4,4,4,4,1,3,4,4,4,4,3,3,2,2,4,4,1,3,4,4,1,3,4,4,3,1,2,1,3,3,1,2,2,2,2,1,2,2,2,2,3,3,2,2,1,1,2,2,2,2,1,3,
KOK_17_227,1,3,1,1,4,4,2,2,4,4,4,1,2,2,3,3,4,4,4,4,2,4,1,1,4,4,4,3,3,3,2,2,4,4,1,3,4,4,1,1,4,4,3,1,2,2,3,3,1,2,2,4,2,1,2,3,2,2,3,3,4,4,1,1,2,2,2,2,1,3,
KOK_17_228,1,3,1,2,4,4,2,2,4,4,4,1,2,2,3,3,4,4,4,4,2,4,1,3,4,4,4,3,3,3,2,2,4,4,1,3,4,4,1,1,4,4,3,1,2,2,3,3,1,2,2,4,2,2,2,2,2,2,3,3,4,2,1,1,2,4,2,2,1,3,
KOK_17_229,1,3,0,0,2,4,2,2,4,4,4,4,2,2,3,3,3,4,4,4,2,2,1,3,4,4,4,3,1,3,2,2,4,1,1,3,4,4,1,3,1,4,3,1,2,1,3,3,2,2,2,4,2,1,2,2,2,2,3,4,2,2,1,2,4,4,1,1,1,1,
KOK_17_230,3,3,1,1,2,4,2,2,4,4,4,4,2,4,1,3,4,4,4,4,2,4,1,1,4,4,4,3,3,3,2,2,4,4,1,3,4,4,1,3,4,4,3,1,2,1,1,3,2,2,2,4,2,1,2,3,2,2,3,4,4,2,1,1,2,2,2,1,1,1,
KOK_17_231,3,3,2,2,2,2,2,2,4,4,4,1,2,2,3,3,4,4,2,4,2,4,1,3,4,4,4,4,3,3,2,2,4,1,1,1,4,4,1,3,4,4,3,1,1,1,3,3,1,2,2,4,2,2,2,2,2,2,3,4,2,2,1,1,2,4,2,1,1,3,
KOK_17_232,3,3,1,2,2,2,2,2,3,3,4,4,2,2,3,3,3,4,4,4,4,4,1,1,4,4,4,4,3,3,2,2,1,1,1,3,4,4,1,3,4,4,3,1,2,1,1,3,1,1,2,2,1,1,2,2,2,2,4,4,4,2,1,1,2,2,1,1,1,1,
KOK_17_233,3,3,2,2,2,4,2,2,4,4,4,4,2,2,1,3,3,4,4,4,4,4,3,3,4,4,4,4,3,3,2,2,4,4,1,3,4,4,3,3,4,4,1,1,2,1,3,3,2,2,2,2,2,2,2,2,2,2,3,4,4,2,1,1,2,2,2,2,1,3,
KOK_17_234,3,3,1,2,2,2,2,2,4,3,4,4,2,4,3,3,3,3,4,4,2,2,1,3,4,4,4,3,3,3,2,4,4,1,3,3,4,4,1,3,4,4,1,1,2,2,1,3,1,2,2,2,2,1,2,2,2,2,3,4,4,2,1,1,2,4,2,2,1,1,
KOK_17_235,3,3,1,1,2,4,2,2,4,3,4,1,4,4,3,3,4,4,4,4,2,4,1,1,4,4,4,4,3,3,2,2,4,4,1,3,4,4,3,3,4,4,1,1,1,1,3,3,2,2,2,2,2,2,2,2,2,2,3,4,4,4,1,1,2,2,2,2,1,3,
KOK_17_236,3,3,1,1,2,2,2,2,4,3,4,4,2,4,3,3,3,3,4,4,2,4,1,3,4,4,4,3,3,3,2,2,4,1,3,3,4,4,1,3,4,4,1,1,2,2,1,3,1,2,2,4,2,1,2,2,2,2,3,4,2,2,1,1,2,2,2,1,1,1,
KOK_17_237,3,3,1,2,2,2,2,2,4,3,4,4,4,4,3,3,3,4,4,4,2,4,3,3,4,4,4,4,3,3,2,2,4,1,1,1,3,4,1,3,4,4,3,1,2,1,1,3,1,2,2,2,2,2,3,3,2,2,4,4,4,2,1,1,2,2,2,1,1,1,
KOK_17_238,3,3,1,2,2,2,2,2,3,3,4,4,2,4,1,3,4,4,4,4,2,4,1,3,4,4,4,4,3,3,2,2,4,1,1,3,4,4,1,3,4,4,3,1,2,1,1,3,2,2,2,2,2,1,2,2,2,2,3,4,4,4,1,1,2,2,2,2,1,1,
KOK_17_239,3,3,1,1,2,4,2,2,4,4,4,4,2,2,3,3,3,4,4,4,2,2,1,3,4,4,4,3,1,3,2,2,4,1,1,1,4,4,1,3,1,4,3,1,2,1,3,3,2,2,2,4,2,1,2,2,2,2,3,4,4,2,1,2,2,2,1,1,1,3,
KOK_17_240,3,3,1,2,2,4,2,2,4,3,4,1,2,4,3,3,3,4,4,4,2,4,3,3,4,4,4,4,3,3,2,2,4,1,1,1,3,4,3,3,4,4,3,3,2,1,3,3,1,2,2,2,2,2,2,3,2,2,4,4,4,4,1,1,2,2,2,1,1,1,
KOK_17_241,3,3,1,2,2,2,2,2,3,3,4,4,4,4,3,3,4,4,4,4,2,4,1,3,4,4,4,4,3,3,2,2,4,1,1,1,4,4,3,3,4,4,3,1,2,2,1,3,1,2,2,4,2,1,2,2,2,2,3,4,4,2,1,1,2,2,2,1,1,3,
KOK_17_242,3,3,2,2,2,4,2,2,4,4,4,1,2,4,3,3,3,4,4,4,2,4,3,3,4,4,4,3,3,3,2,2,4,1,1,1,4,4,3,3,4,4,3,3,2,2,3,3,1,2,2,4,2,2,2,2,2,2,3,4,4,4,1,1,2,2,2,2,1,3,
KOK_17_243,1,3,1,2,4,4,2,2,4,4,0,0,2,2,3,3,3,4,4,4,2,4,1,3,4,4,4,4,3,3,2,2,4,4,1,3,4,4,1,3,4,4,3,1,2,2,3,3,1,2,2,2,2,1,2,2,2,2,3,4,4,2,1,1,2,4,2,1,1,3,
KOK_17_244,3,3,1,1,2,2,2,2,4,3,0,0,2,2,3,3,3,4,4,4,2,4,3,3,4,4,4,4,3,3,2,2,1,1,1,3,4,4,1,3,1,4,3,1,2,1,1,3,1,2,2,4,2,2,2,2,2,2,3,4,4,2,1,1,2,2,2,1,1,3,
KOK_17_245,3,3,1,2,2,2,2,2,3,3,0,0,4,4,1,3,4,4,4,4,2,4,1,3,4,4,4,4,3,3,2,2,4,1,3,3,4,4,1,3,4,4,3,3,2,2,1,3,1,2,2,2,2,1,2,2,2,2,3,3,2,2,1,1,2,2,2,1,1,1,
KOK_17_246,3,3,1,2,2,2,2,2,4,3,4,1,2,4,1,3,4,4,4,4,2,4,1,1,4,4,4,4,3,3,2,2,4,4,1,3,4,4,1,1,4,4,3,1,1,1,3,3,2,2,2,2,2,2,2,2,2,2,3,4,4,4,1,1,2,2,2,2,1,1,
KOK_17_247,3,3,1,2,2,4,2,2,4,4,4,4,2,4,3,3,3,3,4,4,2,2,1,3,4,4,4,3,3,3,2,2,4,4,1,1,4,4,1,3,1,4,1,1,2,1,3,3,2,2,2,4,2,2,2,2,2,2,3,4,4,2,1,1,2,4,2,1,1,3,
KOK_17_248,3,3,1,2,2,4,2,2,4,4,4,4,2,4,3,3,3,3,4,4,2,2,1,1,4,4,3,3,3,3,2,4,4,1,1,3,4,4,1,3,4,4,3,1,2,1,1,3,2,2,4,4,2,1,2,2,2,1,4,4,4,4,1,1,2,2,2,1,1,1,
KOK_17_249,3,3,1,2,2,2,2,2,4,3,4,1,2,4,3,3,3,4,4,4,2,4,1,3,4,4,4,4,3,3,2,2,4,1,1,1,4,4,1,3,4,4,3,3,2,1,3,3,1,2,2,2,2,2,2,3,2,2,3,4,2,2,1,1,2,2,2,2,1,1,
KOK_17_250,3,3,1,2,2,4,2,2,4,4,4,1,2,2,1,3,4,4,4,4,4,4,1,1,4,2,4,4,3,3,2,2,4,1,1,3,3,4,3,3,1,4,3,3,1,1,1,3,1,2,2,2,2,1,2,2,2,1,4,4,4,2,1,2,4,4,1,1,1,3,
KOK_17_251,3,3,1,1,2,2,2,2,4,4,4,4,2,2,3,3,4,4,4,4,2,2,1,3,4,4,4,4,3,3,2,2,1,1,1,3,4,4,1,3,4,4,3,1,2,1,3,3,2,2,2,2,2,2,2,2,2,2,3,4,4,2,1,1,2,2,2,2,1,3,
KOK_17_252,3,3,1,1,4,4,2,2,4,4,4,1,2,4,3,3,4,4,4,4,2,4,1,1,4,4,4,3,3,3,2,2,4,4,1,3,4,4,1,3,4,4,1,1,2,2,3,3,2,2,2,2,2,1,2,3,2,2,3,3,4,2,1,1,2,2,2,2,1,1,
KOK_17_253,3,3,1,2,2,2,2,2,4,4,4,1,2,2,1,3,3,4,4,4,2,4,1,1,4,4,4,4,3,3,2,2,4,1,1,3,4,4,1,3,1,4,3,1,2,1,3,3,2,2,2,4,2,1,2,2,2,1,4,4,4,2,1,1,4,4,2,1,1,3,
KOK_17_254,3,3,1,2,2,2,2,2,4,3,4,4,2,4,3,3,3,4,4,4,4,4,1,3,4,4,4,4,3,3,2,2,1,1,1,3,4,4,1,3,1,4,3,1,2,1,1,3,1,1,2,4,2,1,2,2,2,2,3,4,4,2,1,1,2,2,2,1,1,3,
KOK_17_255,3,3,1,2,2,2,2,2,3,3,4,4,4,4,1,3,4,4,4,4,2,4,3,3,4,4,4,4,3,3,2,2,4,1,3,3,4,4,1,3,4,4,3,3,2,2,3,3,2,2,2,2,2,1,2,2,2,2,3,4,4,2,1,1,2,2,2,2,1,1,
KOK_17_256,3,3,1,2,2,4,2,2,4,3,1,1,2,2,3,3,4,4,4,4,2,4,3,3,4,4,4,4,3,3,2,2,4,1,1,1,4,4,3,3,4,4,3,3,2,2,3,3,1,2,2,4,2,2,2,2,2,2,3,3,4,2,1,1,2,2,2,2,1,3,
KOK_17_257,3,3,1,1,2,2,2,2,4,3,4,4,2,2,3,3,3,4,4,4,2,4,1,3,4,4,4,4,3,3,2,2,4,1,1,1,4,4,1,3,4,4,3,1,2,1,3,3,1,2,2,4,2,1,2,2,2,2,4,4,2,2,1,1,2,2,2,2,1,3,
KOK_17_258,3,3,1,2,2,2,2,2,4,3,4,1,2,4,1,3,4,4,4,4,2,4,1,3,4,2,4,4,3,3,2,4,4,1,3,3,3,4,3,3,1,4,3,1,2,2,3,3,2,2,2,4,2,1,2,2,2,2,4,4,4,2,1,1,2,4,2,2,3,3,
KOK_17_259,3,3,1,2,2,2,2,2,3,3,4,4,2,4,3,3,4,4,4,4,4,4,1,3,4,4,4,4,3,3,2,2,4,1,1,3,4,4,1,3,4,4,3,1,2,1,1,3,2,2,2,2,2,1,2,2,2,2,3,4,4,2,1,1,2,2,2,2,1,1,
KOK_17_260,3,3,1,2,2,4,2,2,4,3,4,1,2,4,3,3,3,3,4,4,4,4,1,3,4,4,4,4,3,3,2,2,4,4,1,1,4,4,3,3,4,4,3,1,2,1,3,3,2,2,2,2,2,2,2,3,2,2,4,4,4,4,1,1,2,2,2,2,3,3,
KOK_17_261,3,3,1,1,2,4,2,2,4,3,4,1,2,4,3,3,4,4,4,4,2,2,1,1,4,4,4,4,3,3,2,2,4,4,1,1,4,4,3,3,4,4,3,1,1,1,3,3,2,2,2,2,2,2,2,3,2,2,3,4,4,2,1,1,2,2,2,2,1,3,
KOK_17_262,3,3,1,2,2,2,2,2,4,3,4,1,2,4,3,3,3,3,4,4,2,4,1,1,4,4,4,4,3,3,2,2,4,1,1,1,4,4,1,1,4,4,3,3,2,2,1,3,2,2,2,2,2,1,2,2,2,2,4,4,4,2,1,1,2,2,1,1,1,3,
KOK_17_263,3,3,1,2,2,2,2,2,4,4,4,4,2,2,1,3,3,4,4,4,2,2,1,3,4,4,3,3,1,3,2,4,4,4,1,3,4,4,1,3,4,4,3,1,2,1,1,3,2,2,2,4,2,1,2,2,2,1,3,4,4,2,1,1,2,2,2,1,1,1,
KOK_17_264,3,3,1,2,2,4,2,2,4,3,4,1,2,4,3,3,3,4,4,4,2,4,1,3,4,4,4,4,3,3,2,2,1,1,1,1,4,4,1,3,4,4,3,1,2,1,3,3,1,2,2,2,2,2,2,3,2,2,4,4,4,2,1,1,2,2,2,2,1,3,
KOK_17_265,3,3,1,1,2,4,4,2,4,3,4,1,4,4,3,3,3,4,4,4,4,4,3,3,4,4,4,4,3,3,2,2,4,1,1,1,4,4,1,3,4,4,3,3,2,1,3,3,2,2,2,4,2,2,2,2,2,2,3,4,2,2,1,1,2,2,1,1,1,1,
KOK_17_266,3,3,1,1,2,2,2,2,4,4,4,1,2,2,3,3,3,4,4,4,2,4,1,1,4,4,4,4,3,3,2,2,4,1,1,1,4,4,3,3,4,4,3,3,1,1,1,3,1,2,2,4,2,1,2,3,2,2,3,4,2,2,1,1,2,4,2,1,1,3,
KOK_17_267,3,3,1,2,2,4,2,2,4,4,1,1,2,2,1,3,3,4,4,4,4,4,1,1,4,4,4,4,3,3,2,2,4,1,1,3,4,4,3,3,4,4,3,3,2,1,3,3,2,2,4,4,2,1,2,2,2,2,3,3,2,2,1,1,2,4,2,1,1,3,
KOK_17_268,3,3,1,2,2,2,2,2,3,3,4,4,2,4,1,3,4,4,4,4,2,4,3,3,4,4,4,4,3,3,2,2,4,1,1,3,4,4,3,3,4,4,3,1,2,1,1,3,2,2,2,4,2,2,2,2,2,2,3,3,4,2,1,1,2,2,2,2,1,3,
KOK_17_269,1,3,1,2,4,4,2,2,4,3,4,1,2,4,3,3,4,4,4,4,2,4,1,3,4,4,4,3,3,3,2,2,4,4,3,3,4,4,1,1,4,4,3,1,2,2,3,3,1,2,2,2,2,1,2,3,2,2,3,3,4,2,1,1,2,4,2,1,1,3,
KOK_17_270,3,3,1,1,2,2,2,2,4,3,4,1,4,4,3,3,3,4,4,4,2,4,3,3,4,4,4,4,1,3,2,2,4,4,3,3,3,4,3,3,4,4,1,1,2,1,1,3,2,2,2,4,2,2,2,2,2,2,3,4,2,2,1,1,2,2,2,2,3,3,
KOK_17_271,3,3,1,2,2,2,2,2,4,3,4,1,2,4,3,3,3,4,4,4,2,4,3,3,4,4,4,4,3,3,2,2,1,1,1,1,3,4,1,3,4,4,3,3,2,1,1,3,1,2,2,2,2,2,3,3,2,2,4,4,4,2,1,1,2,2,2,1,1,1,
KOK_17_272,3,3,1,1,2,2,2,2,4,3,4,4,2,2,3,3,3,4,4,4,0,0,1,3,4,4,4,4,3,3,2,2,1,1,1,1,4,4,1,3,4,4,3,1,2,1,1,3,1,2,2,4,1,1,2,2,2,2,4,4,2,2,1,1,2,2,2,1,1,3,
KOK_17_273,3,3,1,2,2,2,2,2,4,3,4,4,2,4,3,3,3,4,4,4,2,4,1,3,4,4,4,3,3,3,2,2,4,4,1,3,4,4,1,1,4,4,1,1,2,1,3,3,2,2,2,4,2,2,2,2,2,1,3,4,2,2,1,1,4,4,1,1,1,3,
KOK_17_273x,3,3,1,2,2,2,2,2,4,3,4,4,2,4,3,3,3,4,4,4,2,4,1,3,4,4,4,3,3,3,2,2,4,4,1,3,4,4,1,1,4,4,1,1,2,1,3,3,2,2,2,4,2,2,2,2,2,1,3,4,2,2,1,1,4,4,1,1,1,3,
KOK_17_274,3,3,1,1,2,4,2,2,3,3,4,4,2,2,3,3,3,4,4,4,2,2,1,1,4,4,3,3,1,3,2,4,4,1,3,3,4,4,1,3,4,4,1,1,1,1,1,3,2,2,4,4,2,1,2,2,2,2,3,4,4,2,1,1,2,2,2,1,1,1,
KOK_17_274x,3,3,1,1,2,4,2,2,3,3,4,4,2,2,3,3,3,4,4,4,2,2,1,1,4,4,3,3,1,3,2,4,4,1,3,3,4,4,1,3,4,4,1,1,1,1,1,3,2,2,4,4,2,1,2,2,2,2,3,4,4,2,1,1,2,2,2,1,1,1,
KOK_17_275,3,3,1,2,2,2,2,2,3,3,4,4,2,4,1,3,4,4,4,4,2,4,1,3,4,4,4,4,3,3,2,2,4,1,3,3,4,4,3,3,4,4,3,1,2,2,1,3,2,2,2,4,2,1,2,2,2,2,3,3,4,2,1,1,2,2,2,1,1,3,
KOK_17_275x,3,3,1,2,2,2,2,2,3,3,4,4,2,4,1,3,4,4,4,4,2,4,1,3,4,4,4,4,3,3,2,2,4,1,3,3,4,4,3,3,4,4,3,1,2,2,1,3,2,2,2,4,2,1,2,2,2,2,3,3,4,2,1,1,2,2,2,1,1,3,
KOK_17_276,3,3,1,1,2,2,2,2,4,3,4,1,2,4,1,3,3,4,4,4,4,4,1,1,4,4,4,4,3,3,2,2,4,1,1,3,3,4,1,3,1,4,3,3,2,1,1,3,2,2,4,4,2,1,2,3,2,1,4,4,2,2,1,1,4,4,2,1,1,3,
KOK_17_276x,3,3,1,1,0,0,2,2,4,3,4,1,2,4,1,3,3,4,4,4,2,4,1,1,4,4,4,4,3,3,2,2,4,1,1,3,3,4,1,3,1,4,3,1,2,1,1,3,2,2,2,4,2,1,0,0,0,0,4,4,4,2,1,1,2,4,0,0,0,0,
KOK_17_277,3,3,1,1,2,4,2,2,0,0,4,1,2,4,3,3,4,4,4,4,2,2,1,1,4,4,4,4,3,3,2,2,4,1,1,3,4,4,1,3,4,4,1,1,1,1,3,3,2,2,2,2,2,2,2,2,2,2,3,4,4,4,1,1,2,2,2,2,1,1,
KOK_17_277x,3,3,2,2,2,2,2,2,3,3,4,4,2,2,3,3,3,4,4,4,2,4,3,3,4,4,4,3,3,3,2,2,1,1,3,3,4,4,1,3,4,4,3,1,2,2,3,3,1,2,2,2,2,1,2,2,2,2,3,4,2,2,1,1,2,2,2,2,1,1,
KOK_17_278,3,3,2,2,2,2,2,2,3,3,4,4,2,2,3,3,3,4,4,4,2,4,3,3,4,4,4,3,3,3,2,2,1,1,3,3,4,4,1,3,4,4,3,1,2,2,3,3,1,2,2,2,2,1,2,2,2,2,3,4,2,2,1,1,2,2,2,2,1,1,
KOK_17_278x,3,3,1,1,2,2,2,2,4,3,4,4,2,4,3,3,3,3,4,4,2,4,1,3,4,4,4,4,3,3,2,4,1,1,3,3,4,4,1,3,4,4,3,1,2,2,1,3,2,2,2,4,2,1,2,2,2,2,3,4,2,2,1,1,2,2,2,1,1,1,
KOK_17_279,3,3,1,1,2,2,2,2,4,3,4,4,2,4,3,3,3,3,4,4,2,4,1,3,4,4,4,4,3,3,2,4,1,1,3,3,4,4,1,3,4,4,3,1,2,2,1,3,2,2,2,4,2,1,2,2,2,2,3,4,2,2,1,1,2,2,2,1,1,1,
KOK_17_279x,3,3,1,2,2,4,2,2,4,3,1,1,2,2,3,3,4,4,4,4,2,4,1,3,4,4,4,4,3,3,2,2,4,1,3,3,4,4,1,3,4,4,3,3,2,2,3,3,1,2,2,4,2,1,2,3,2,2,3,3,4,2,1,1,2,4,2,2,1,1,
KOK_17_280,3,3,1,2,2,4,2,2,4,3,1,1,2,2,3,3,4,4,4,4,2,4,1,3,4,4,4,4,3,3,2,2,4,1,3,3,4,4,1,3,4,4,3,3,2,2,3,3,1,2,2,4,2,1,2,3,2,2,3,3,4,2,1,1,2,4,2,2,1,1,
KOK_17_280x,3,3,1,2,2,4,2,2,4,3,4,1,2,2,3,3,3,4,4,4,0,0,1,3,4,4,4,4,1,3,2,2,1,1,1,1,4,4,1,1,4,4,3,1,1,1,3,3,1,2,2,4,2,2,2,2,2,2,3,4,4,4,1,1,2,4,2,1,1,1,
KOK_17_281,3,3,1,2,2,4,2,2,4,3,4,1,2,2,3,3,3,4,4,4,2,4,1,3,4,4,4,4,1,3,2,2,1,1,1,1,4,4,1,1,4,4,3,1,1,1,3,3,1,2,2,4,2,2,2,2,2,2,3,4,4,4,1,1,2,4,2,1,1,1,
KOK_17_282,1,3,1,2,4,4,2,2,4,3,4,1,2,4,3,3,4,4,4,4,2,4,3,3,4,4,4,4,3,3,2,2,4,1,3,3,4,4,1,3,4,4,3,3,2,2,3,3,2,2,2,4,2,1,2,3,2,2,3,3,4,4,1,1,2,2,2,2,3,3,
KOK_17_283,1,3,1,1,2,4,2,2,4,4,1,1,2,2,3,3,3,3,4,4,2,4,1,3,4,4,4,4,1,3,2,2,4,1,1,1,4,4,1,1,1,4,3,1,2,1,3,3,2,2,2,2,2,2,2,2,2,2,3,4,4,2,1,2,2,2,2,1,1,1,
KOK_17_284,3,3,1,1,2,2,2,2,4,3,4,4,2,2,3,3,3,3,4,4,2,2,1,1,4,4,3,3,1,3,2,4,4,4,1,1,4,4,1,3,4,4,3,3,2,2,1,3,2,2,2,4,2,1,2,2,2,2,3,4,4,4,1,1,2,2,1,1,1,1,
KOK_17_285,3,3,1,2,2,2,2,2,4,3,4,4,2,2,3,3,3,4,4,4,2,4,1,3,4,4,4,4,3,3,2,2,1,1,1,1,3,4,1,3,4,4,3,1,2,1,1,3,1,2,2,2,2,2,2,3,2,2,4,4,4,2,1,1,2,2,2,2,1,3,
KOK_17_286,3,3,1,2,2,4,2,2,4,4,4,4,2,4,3,3,3,3,4,4,2,2,1,3,4,4,3,3,1,3,2,4,4,1,1,3,4,4,1,3,4,4,3,1,2,2,1,3,2,2,2,4,1,1,2,2,2,2,3,4,4,2,1,1,2,2,2,2,1,1,
KOK_17_287,3,3,1,2,2,4,2,2,4,3,4,4,2,4,3,3,3,4,4,4,2,4,3,3,4,4,4,4,3,3,2,2,1,1,1,1,4,4,3,3,4,4,3,1,2,1,3,3,1,2,2,2,2,2,2,3,2,2,4,4,4,4,1,1,2,2,2,1,1,1,
KOK_17_288,3,3,1,1,2,2,2,2,4,4,4,4,2,4,3,3,3,4,4,4,2,4,1,3,4,4,4,4,3,3,2,2,4,1,1,1,4,4,1,3,1,4,3,1,2,1,3,3,2,2,2,2,2,2,2,2,2,2,3,4,4,4,1,2,2,4,2,2,1,3,
KOK_17_289,3,3,1,2,2,2,2,2,4,3,4,4,2,4,3,3,3,4,4,4,2,2,1,3,4,4,4,4,3,3,2,4,4,1,3,3,4,4,1,3,4,4,3,1,2,2,1,3,1,1,2,4,2,1,2,2,2,1,3,3,4,2,1,1,2,4,2,2,1,1,
KOK_17_290,3,3,1,2,2,2,2,2,4,4,1,1,2,2,3,3,4,4,2,4,2,4,1,3,4,4,4,4,3,3,2,2,4,1,1,1,4,4,3,3,4,4,3,1,1,1,3,3,1,2,4,4,2,2,2,2,2,2,3,4,4,4,1,1,2,4,1,1,1,3,
KOK_17_291,3,3,1,2,2,2,2,2,3,3,4,4,4,4,3,3,4,4,4,4,4,4,1,3,4,4,4,4,3,3,2,2,4,1,1,3,4,4,1,3,4,4,3,3,2,1,3,3,1,2,2,2,1,1,2,2,2,2,3,4,4,2,1,1,2,2,2,1,1,1,
KOK_17_292,3,3,1,1,2,4,2,2,4,4,4,4,2,2,3,3,4,4,4,4,2,2,1,1,0,0,4,4,3,3,2,2,4,1,1,3,4,4,1,3,4,4,1,1,2,2,3,3,2,2,2,2,2,2,2,3,2,2,3,3,4,2,1,1,2,2,2,2,1,3,
KOK_17_293,3,3,1,2,2,2,2,2,4,3,4,4,2,4,3,3,3,4,4,4,4,4,1,1,4,4,4,4,3,3,2,2,4,1,1,1,4,4,1,3,1,4,3,1,2,1,3,3,2,2,2,2,1,1,2,2,2,2,3,4,2,2,1,1,2,2,1,1,1,3,
KOK_17_294,3,3,1,2,2,2,2,2,4,4,1,1,2,2,0,0,3,4,4,4,4,4,1,3,4,4,4,4,3,3,2,2,4,1,1,3,4,4,3,3,4,4,3,3,1,1,3,3,2,2,2,4,2,1,2,3,2,2,3,3,2,2,1,1,2,4,1,1,1,3,
KOK_17_295,3,3,1,2,2,2,2,2,4,3,4,4,2,2,3,3,4,4,4,4,2,4,3,3,4,4,4,4,3,3,2,2,4,4,3,3,4,4,1,3,4,4,3,1,2,2,3,3,1,2,2,2,2,1,2,2,2,2,3,4,2,2,1,1,2,4,2,2,1,1,
KOK_17_296,1,3,1,2,4,4,2,2,4,4,1,1,2,4,3,3,3,4,4,4,2,4,1,3,4,4,4,4,3,3,2,2,4,4,1,1,4,4,3,3,1,4,1,1,2,1,3,3,2,2,2,4,2,1,2,2,2,2,3,4,4,2,1,2,2,4,1,1,1,3,
KOK_17_297,3,3,1,2,2,2,2,2,3,3,4,4,2,4,1,3,4,4,4,4,4,4,3,3,4,4,4,4,3,3,2,2,4,1,1,3,4,4,1,3,4,4,3,1,2,1,1,3,1,2,2,4,2,2,2,2,2,2,3,4,2,2,1,1,2,2,2,1,1,1,
KOK_17_298,3,3,1,1,2,2,2,2,4,4,1,1,4,4,3,3,4,4,4,4,4,4,1,1,4,4,4,4,3,3,2,2,4,1,1,1,4,4,3,3,1,4,3,3,2,1,1,3,1,2,4,4,2,2,2,3,2,2,3,3,2,2,1,1,2,4,2,1,1,3,
KOK_17_299,3,3,1,1,2,2,2,2,4,4,4,4,2,4,3,3,3,3,4,4,2,2,1,3,4,4,4,3,3,3,2,2,4,4,1,3,4,4,1,3,1,4,1,1,2,1,3,3,2,2,2,4,2,2,2,2,2,2,4,4,4,2,1,1,2,4,1,1,1,3,
KOK_17_300,3,3,1,2,2,2,2,2,4,3,4,4,2,4,3,3,3,4,4,4,2,4,1,3,4,4,4,3,3,3,2,4,1,1,3,3,4,4,1,3,4,4,1,1,2,1,1,3,1,1,2,2,2,1,2,2,2,1,3,4,4,2,1,1,2,2,2,1,1,1,
KOK_17_301,3,3,2,2,0,0,2,2,4,3,4,4,2,2,3,3,3,4,4,4,2,4,3,3,4,4,4,4,3,3,2,2,4,1,1,1,4,4,1,3,1,4,3,1,2,1,1,3,2,2,2,4,2,2,2,2,2,2,4,4,2,2,1,1,2,2,2,2,1,1,
KOK_17_302,3,3,1,1,2,4,2,2,4,4,4,1,2,4,3,3,3,3,4,4,2,4,1,3,4,4,4,3,3,3,2,2,4,4,1,1,4,4,1,3,1,4,1,1,2,1,3,3,2,2,2,4,2,1,2,2,2,2,3,4,4,4,1,2,4,4,1,1,1,3,
KOK_17_303,3,3,1,2,2,2,2,2,4,3,4,4,2,4,3,3,4,4,4,4,4,4,1,3,4,2,4,4,3,3,2,2,4,1,3,3,4,4,1,3,1,4,3,3,2,2,1,3,1,1,2,2,2,1,2,2,2,2,3,4,2,2,1,2,2,2,2,1,1,3,
KOK_17_304,1,3,1,1,2,4,2,2,4,4,4,4,2,2,3,3,3,3,4,4,2,2,1,3,4,4,4,4,1,3,2,2,4,4,1,1,4,4,3,3,1,4,3,1,2,1,3,3,2,2,2,2,2,2,2,2,2,2,3,4,4,2,1,1,2,2,2,1,1,3,
KOK_17_305,3,3,1,2,2,2,2,2,4,3,4,1,4,4,3,3,4,4,4,4,2,4,1,1,4,4,4,4,3,3,2,2,4,1,1,3,4,4,3,3,4,4,1,1,1,1,3,3,2,2,2,2,0,0,2,3,2,2,4,4,4,4,1,1,2,2,2,2,1,3,
KOK_17_306,3,3,1,2,2,2,4,2,4,3,4,4,2,4,3,3,3,4,4,4,4,4,1,3,4,2,4,3,3,3,2,2,4,1,1,3,4,4,1,3,4,4,3,3,2,2,3,3,1,1,4,4,2,1,2,2,2,2,4,4,2,2,1,2,0,0,2,1,1,3,
KOK_17_307,3,3,1,1,2,4,2,2,4,4,4,4,4,4,3,3,4,4,4,4,2,2,0,0,4,4,4,4,3,3,2,2,1,1,1,3,4,4,1,1,1,4,1,1,1,1,1,3,2,2,2,4,2,2,2,2,0,0,3,4,4,4,1,1,4,4,2,1,1,1,
KOK_17_308,3,3,1,1,2,2,0,0,4,3,4,4,2,2,3,3,3,4,4,4,2,4,3,3,4,4,4,4,3,3,2,2,1,1,1,1,4,4,1,3,4,4,3,1,2,1,3,3,2,2,2,4,2,1,2,2,2,2,3,4,2,2,1,1,2,2,2,1,1,3,
KOK_17_309,3,3,1,1,2,2,2,2,4,3,4,4,2,4,3,3,3,3,4,4,2,2,1,1,4,4,4,3,3,3,2,4,4,1,3,3,4,4,1,3,4,4,1,1,2,1,1,3,2,2,2,4,2,1,2,2,2,2,3,4,2,2,1,1,2,2,2,1,1,3,
KOK_17_310,3,3,1,1,2,2,2,2,4,3,4,4,2,2,3,3,3,4,4,4,2,4,1,1,4,4,4,4,3,3,2,2,4,1,3,3,4,4,3,3,1,4,3,3,2,2,3,3,1,2,2,4,2,1,2,2,2,2,3,4,4,2,1,2,2,4,1,1,1,1,
KOK_17_311,3,3,1,1,2,2,2,2,4,4,4,4,2,4,3,3,4,4,4,4,2,4,1,1,4,4,4,4,3,3,2,2,4,1,3,3,4,4,1,3,4,4,3,1,2,2,3,3,1,1,4,4,2,1,2,2,2,2,3,4,2,2,1,2,2,4,2,1,1,1,
KOK_17_312,3,3,1,1,2,4,2,2,4,4,4,1,2,2,3,3,3,4,4,4,2,4,1,3,4,4,4,4,1,3,2,2,4,1,1,1,4,4,1,3,1,4,1,1,2,1,3,3,2,2,2,2,2,1,2,2,2,2,3,4,4,2,1,2,2,4,2,2,1,3,
KOK_17_313,3,3,1,2,2,2,2,2,4,3,4,1,2,4,3,3,3,4,4,4,2,4,3,3,4,4,4,4,3,3,2,2,1,1,1,1,3,4,3,3,4,4,3,1,2,1,3,3,1,2,2,2,2,2,2,3,2,2,3,4,4,2,1,1,2,2,2,1,1,1,
KOK_17_314,3,3,1,1,2,4,4,2,4,3,4,1,2,4,3,3,0,0,4,4,0,0,3,3,4,4,4,4,3,3,2,2,4,1,1,1,4,4,1,3,4,4,3,3,1,1,3,3,2,2,0,0,2,1,2,2,2,2,3,3,0,0,0,0,2,2,1,1,1,1,
KOK_17_315,3,3,1,2,2,2,2,2,3,3,4,4,2,4,1,3,4,4,4,4,2,4,3,3,4,4,4,4,3,3,2,2,4,1,1,3,4,4,3,3,4,4,3,1,2,2,1,3,1,2,2,4,2,2,2,2,2,2,3,4,2,2,1,1,2,2,2,2,1,3,
KOK_17_316,3,3,1,2,2,4,2,2,4,3,4,4,2,2,3,3,3,3,4,4,2,4,1,1,4,4,4,4,3,3,2,2,4,1,1,1,3,4,1,1,4,4,3,3,2,1,1,3,2,2,2,2,2,1,2,2,2,2,4,4,4,2,1,1,2,2,1,1,1,3,
KOK_17_317,3,3,1,2,2,4,2,2,4,3,4,1,2,4,1,3,4,4,4,4,2,4,1,1,4,4,4,4,3,3,2,2,4,4,1,1,4,4,1,3,4,4,1,1,2,1,3,3,2,2,2,2,2,2,2,3,2,2,3,4,4,2,1,1,2,2,2,2,1,1,
KOK_17_318,3,3,1,2,2,2,2,2,3,3,4,4,4,4,1,3,4,4,4,4,2,4,3,3,4,4,4,4,3,3,2,2,4,1,1,1,4,4,1,3,4,4,3,1,2,2,1,3,1,2,2,2,2,1,2,2,2,2,3,3,2,2,1,1,2,2,2,1,1,1,
KOK_17_319,3,3,1,1,2,2,2,2,4,4,4,4,2,4,1,3,4,4,4,4,2,2,1,1,4,4,4,3,3,3,2,2,4,1,1,3,4,4,1,3,4,4,3,1,2,2,3,3,2,2,2,2,2,1,2,2,2,2,3,3,4,2,1,1,2,2,2,2,1,3,
KOK_17_320,3,3,1,2,2,4,2,2,4,3,4,1,4,4,3,3,3,4,4,4,2,4,1,3,4,4,4,4,3,3,2,2,1,1,1,1,4,4,1,1,4,4,3,3,2,1,1,3,1,2,2,2,2,2,3,3,2,2,3,4,4,2,1,1,2,2,2,1,1,3,
KOK_17_321,3,3,1,2,2,2,2,2,4,4,4,4,2,4,1,3,3,3,4,4,2,2,1,1,4,4,3,3,1,3,2,4,4,4,1,3,4,4,1,3,4,4,3,1,2,1,1,3,2,2,2,2,1,1,2,2,2,2,4,4,4,2,1,1,2,2,2,1,1,1,
KOK_17_322,3,3,1,1,2,4,2,2,4,4,4,4,2,4,1,3,4,4,4,4,2,2,1,3,4,4,4,4,3,3,2,2,4,1,1,3,4,4,1,3,4,4,3,1,2,2,1,3,2,2,2,4,2,1,2,2,2,2,4,4,4,2,1,1,2,2,2,1,1,1,
KOK_17_323,3,3,1,2,2,2,2,2,3,3,4,4,4,4,3,3,4,4,4,4,4,4,1,3,4,4,4,4,3,3,2,2,4,1,3,3,4,4,1,3,4,4,3,3,2,2,3,3,1,2,2,2,1,1,2,2,2,2,3,4,2,2,1,1,2,2,2,1,1,1,
KOK_17_324,3,3,2,2,2,4,2,2,4,3,1,1,2,2,3,3,3,4,4,4,2,4,1,3,4,4,4,3,3,3,2,2,4,4,1,3,4,4,3,3,4,4,1,1,1,1,3,3,1,2,2,2,2,2,2,2,2,1,3,3,4,2,1,1,4,4,2,1,1,3,
KOK_17_325,3,3,1,2,2,2,2,2,4,3,4,4,2,4,3,3,3,4,4,4,2,4,1,3,4,4,4,4,3,3,2,2,4,1,1,1,4,4,1,1,4,4,3,3,2,1,3,3,1,2,2,2,2,2,2,3,2,2,3,3,2,2,1,1,2,2,2,2,1,3,
KOK_17_326,3,3,1,1,2,2,2,2,4,3,4,4,2,4,3,3,3,3,4,4,2,2,1,3,4,4,4,3,3,3,2,4,4,1,3,3,4,4,1,3,4,4,1,1,2,2,1,3,1,2,2,4,2,1,2,2,2,2,3,3,4,2,1,1,2,4,2,1,1,1,
KOK_17_327,3,3,1,2,2,4,2,2,4,3,4,4,4,4,3,3,3,4,4,4,2,4,1,3,4,4,4,4,3,3,2,2,1,1,1,1,4,4,1,3,4,4,3,1,2,1,1,3,1,2,2,2,2,2,2,3,2,2,3,4,2,2,1,1,2,2,2,1,1,1,
KOK_17_328,3,3,1,1,2,2,2,2,4,4,4,1,2,4,3,3,3,4,4,4,2,4,1,1,4,4,4,4,3,3,2,2,4,1,1,1,4,4,3,3,4,4,3,3,1,1,3,3,2,2,2,4,2,2,2,2,2,2,3,4,2,2,1,1,2,4,1,1,1,3,
KOK_17_329,1,3,1,2,4,4,2,2,4,4,4,1,2,4,3,3,3,3,4,4,2,2,1,3,4,4,4,3,1,3,2,2,4,4,1,3,4,4,1,3,1,4,1,1,2,1,3,3,2,2,2,2,2,2,2,2,2,2,3,4,4,2,1,2,2,4,2,1,1,1,
KOK_17_330,3,3,1,1,2,2,2,2,4,3,1,1,2,4,1,3,4,4,4,4,2,4,1,1,4,4,4,4,3,3,2,2,4,1,1,3,3,4,3,3,1,4,3,1,2,1,3,3,1,2,2,4,2,2,2,3,2,1,4,4,2,2,1,1,4,4,2,1,1,3,
KOK_17_331,3,3,1,2,2,4,2,2,4,3,4,4,4,4,3,3,3,4,4,4,2,4,3,3,4,4,4,4,3,3,2,2,4,1,1,1,3,4,1,1,4,4,3,1,2,1,1,3,1,2,2,2,2,2,2,3,2,2,3,4,4,2,1,1,2,2,2,1,1,3,
KOK_17_332,3,3,1,1,2,2,2,2,3,3,4,4,2,4,1,3,3,3,4,4,2,2,1,1,4,4,3,3,1,3,2,4,4,4,1,1,4,4,1,3,4,4,3,1,1,1,1,3,2,2,2,4,1,1,2,2,2,1,3,4,4,2,1,1,2,2,2,1,1,1,
KOK_17_333,3,3,1,1,2,2,2,2,3,3,4,4,2,2,3,3,3,4,4,4,2,2,1,1,4,4,4,3,1,3,2,4,4,1,3,3,4,4,1,3,4,4,3,1,2,2,1,3,2,2,2,2,2,1,2,2,2,2,3,4,4,2,1,1,2,2,2,1,1,1,
KOK_17_334,3,3,1,1,2,4,2,2,4,4,4,1,2,4,1,3,4,4,4,4,2,4,1,1,4,4,4,3,3,3,2,2,1,1,1,3,4,4,1,3,4,4,1,1,2,1,3,3,2,2,2,4,2,1,2,3,2,2,3,4,4,2,1,1,2,2,2,1,1,1,
KOK_17_335,3,3,1,2,2,4,2,2,4,4,4,1,4,4,3,3,4,4,4,4,2,4,1,3,4,4,4,4,3,3,2,2,4,1,1,1,4,4,3,3,1,4,3,3,2,1,1,3,2,2,4,4,2,2,2,3,2,2,4,4,2,2,1,1,2,4,2,2,1,3,
KOK_17_336,1,3,1,2,2,4,2,2,4,4,4,4,2,2,3,3,3,4,4,4,2,4,1,3,4,4,4,4,3,3,2,2,4,4,1,3,4,4,1,3,1,4,3,1,2,1,3,3,2,2,2,2,2,2,2,2,2,2,3,4,4,2,1,1,2,4,2,2,1,1,
KOK_17_337,3,3,1,2,2,4,2,2,4,4,1,1,2,4,1,3,4,4,4,4,2,2,1,1,4,4,4,4,3,3,2,2,4,1,1,3,4,4,3,3,1,4,3,3,1,1,1,3,2,2,2,4,2,1,2,3,2,2,3,4,2,2,1,1,2,4,2,1,1,3,
KOK_17_338,3,3,1,1,2,2,2,2,4,4,4,1,2,4,1,3,3,4,4,4,4,4,1,3,4,4,4,4,3,3,2,4,4,1,3,3,4,4,3,3,1,4,3,1,2,1,3,3,1,2,2,4,2,1,2,3,2,2,4,4,2,2,1,1,2,4,2,1,1,3,
KOK_17_339,3,3,1,2,2,2,2,2,4,3,4,4,2,2,3,3,3,4,4,4,2,4,1,3,4,2,4,4,3,3,2,2,4,4,1,1,3,4,3,3,4,4,3,1,2,1,3,3,1,1,2,2,2,1,2,2,2,2,3,4,4,2,1,1,2,2,2,2,3,3,
KOK_17_340,3,3,1,1,2,4,2,2,4,3,4,4,2,4,3,3,3,4,4,4,2,2,1,1,4,4,4,3,3,3,2,2,4,1,1,3,4,4,1,3,4,4,3,1,2,1,3,3,2,2,2,4,2,2,2,3,2,2,3,4,4,2,0,0,2,2,2,1,1,1,
KOK_17_341,3,3,1,1,2,2,2,2,4,3,4,1,2,2,3,3,3,3,4,4,2,4,1,3,4,4,4,4,3,3,2,2,1,1,1,1,4,4,1,3,4,4,3,1,1,1,3,3,1,2,2,4,2,2,2,2,2,2,3,4,2,2,0,0,2,2,2,1,1,3,
KOK_17_342,3,3,1,2,2,4,2,2,4,4,4,4,2,4,1,3,3,4,4,4,2,2,1,1,4,4,4,3,3,3,2,2,4,1,1,3,4,4,1,3,4,4,3,3,2,1,3,3,2,2,2,2,2,2,2,2,2,2,3,4,4,2,1,1,2,2,1,1,1,1,
KOK_17_343,3,3,2,2,2,2,2,2,3,3,4,4,2,2,3,3,3,4,4,4,2,4,1,1,4,4,4,4,3,3,2,2,4,4,1,3,4,4,1,3,4,4,1,1,2,1,1,3,2,2,2,2,2,2,2,3,2,2,3,3,4,4,1,1,2,2,2,2,1,1,
KOK_17_344,3,3,1,2,2,2,2,2,4,3,4,4,2,2,1,3,3,4,2,4,2,4,1,3,4,4,4,3,3,3,2,2,4,1,1,1,3,4,3,3,4,4,1,1,1,1,1,3,2,2,2,4,2,2,2,2,2,2,3,4,2,2,1,1,2,2,2,1,1,3,
KOK_17_345,3,3,1,1,0,0,2,2,0,0,4,4,2,2,1,3,4,4,4,4,0,0,0,0,4,4,4,4,3,3,2,2,4,1,1,1,0,0,0,0,0,0,0,0,0,0,0,0,0,0,4,4,2,2,2,2,2,1,3,4,0,0,0,0,2,2,2,1,1,3,
KOK_17_346,3,3,1,1,2,4,2,2,4,4,4,4,2,4,3,3,3,4,4,4,2,4,1,1,4,4,4,4,3,3,2,2,4,4,1,1,4,4,3,3,4,4,3,1,2,1,3,3,1,2,2,4,2,2,2,2,2,2,4,4,2,2,1,1,2,2,2,2,1,1,
KOK_17_347,3,3,1,1,0,0,2,2,3,3,4,4,2,4,3,3,0,0,4,4,2,2,1,1,4,4,4,3,3,3,2,2,4,4,1,3,4,4,1,3,4,4,3,1,2,2,3,3,2,2,2,4,2,2,2,2,2,2,3,4,4,2,1,1,2,2,2,2,1,1,
KOK_17_348,3,3,1,1,0,0,2,2,3,3,4,4,2,4,3,3,0,0,4,4,2,2,0,0,4,4,4,4,3,3,2,2,4,4,1,3,4,4,1,3,4,4,3,1,2,2,3,3,1,2,0,0,2,2,2,3,2,2,4,4,4,2,1,1,2,2,2,1,1,1,
KOK_17_349,3,3,1,1,2,2,2,2,4,4,4,4,2,4,3,3,3,4,4,4,2,4,1,3,4,4,4,4,3,3,2,2,4,4,1,1,3,4,3,3,4,4,1,1,2,1,3,3,1,2,2,2,2,1,2,2,2,2,3,4,2,2,1,1,2,2,2,1,1,1,
KOK_17_350,3,3,1,2,2,2,2,2,3,3,4,4,2,2,3,3,3,4,4,4,2,4,1,3,4,4,4,3,3,3,2,2,4,4,1,3,4,4,1,3,4,4,1,1,2,1,3,3,1,2,2,2,2,1,2,2,2,2,3,3,4,4,1,1,2,2,2,2,1,1,
KOK_17_351,3,3,1,2,2,2,2,2,4,3,4,1,2,2,3,3,4,4,4,4,2,4,3,3,4,4,4,3,3,3,2,2,4,4,1,3,4,4,1,3,4,4,3,1,2,1,3,3,1,2,2,2,2,2,2,2,2,2,4,4,4,2,1,1,2,2,1,1,1,3,
KOK_17_352,3,3,1,2,0,0,2,2,4,3,4,4,2,2,3,3,0,0,4,4,2,4,0,0,4,4,0,0,3,3,2,2,1,1,1,1,3,3,1,3,4,4,3,1,1,1,0,0,0,0,2,2,2,2,2,2,2,2,3,4,4,2,1,1,2,2,2,2,1,3,
KOK_17_353,3,3,1,1,2,4,2,2,4,3,4,1,2,2,3,3,3,3,4,4,2,2,1,1,4,4,4,4,3,3,2,2,1,1,1,3,4,4,1,3,4,4,1,1,2,1,1,3,1,2,2,2,2,2,2,3,2,2,3,4,4,4,1,1,2,2,2,2,1,1,
KOK_17_354,3,3,1,1,2,4,2,2,3,3,4,4,2,2,3,3,4,4,2,4,2,2,1,3,4,4,4,3,3,3,2,2,4,4,1,3,4,4,1,1,4,4,1,1,2,1,3,3,1,1,2,4,2,1,2,3,2,2,3,3,2,2,1,1,2,2,2,2,1,1,
KOK_17_355,3,3,1,2,2,4,2,2,3,3,4,4,2,4,3,3,3,4,4,4,2,2,1,3,4,4,4,4,3,3,2,2,4,4,1,3,4,4,1,3,4,4,3,1,2,1,3,3,1,2,2,2,2,2,2,3,2,2,4,4,4,2,1,1,2,2,1,1,1,1,
KOK_17_356,3,3,1,2,2,4,2,2,4,4,4,4,2,4,3,3,3,4,4,4,2,2,1,3,4,4,4,3,3,3,2,2,4,4,1,3,4,4,1,3,4,4,3,3,2,1,3,3,1,2,2,4,2,2,2,2,2,2,4,4,4,2,1,1,2,2,2,1,1,1,
KOK_17_357,3,3,1,1,2,4,2,2,4,3,4,1,2,4,3,3,3,4,4,4,2,2,1,3,4,2,4,4,3,3,2,2,4,4,1,1,4,4,3,3,4,4,1,1,2,1,1,3,2,2,2,2,2,1,3,3,2,2,3,4,4,2,1,1,2,2,2,2,1,3,
KOK_17_358,3,3,1,1,2,2,2,2,4,3,4,4,2,2,3,3,3,4,4,4,2,4,3,3,4,4,4,3,3,3,2,2,4,1,3,3,4,4,3,3,1,4,3,1,2,1,1,3,1,2,2,2,2,2,2,2,2,1,4,4,4,2,1,1,2,4,2,2,1,3,
KOK_17_359,3,3,1,2,2,2,2,2,4,4,4,4,2,2,3,3,4,4,4,4,2,4,1,3,4,4,4,4,3,3,2,2,4,1,3,3,4,4,1,1,4,4,3,1,2,1,3,3,1,2,0,0,2,2,2,2,2,2,3,4,4,4,1,1,2,4,2,1,1,3,
KOK_17_360,3,3,1,2,2,4,2,2,4,4,1,1,4,4,3,3,4,4,4,4,2,4,1,1,4,4,4,4,1,3,2,2,4,1,1,1,4,4,1,1,4,4,1,1,1,1,3,3,1,2,4,4,2,2,2,2,2,2,4,4,4,4,1,1,2,4,2,1,1,3,
KOK_17_361,3,3,1,2,2,2,2,2,4,3,4,4,2,2,3,3,4,4,4,4,2,4,1,3,4,4,4,3,3,3,2,2,4,4,1,3,4,4,1,3,4,4,1,1,2,2,3,3,2,2,2,2,2,1,2,2,2,2,3,4,4,4,1,1,2,2,2,2,1,3,
KOK_17_362,3,3,1,2,2,2,2,2,4,3,1,1,2,2,3,3,3,4,4,4,2,2,1,3,4,4,4,4,3,3,2,2,4,4,1,3,4,4,1,3,4,4,3,1,2,2,3,3,1,2,2,4,2,2,2,2,2,1,4,4,2,2,1,1,4,4,2,1,1,1,
KOK_17_363,3,3,1,1,2,4,2,2,4,4,4,4,2,2,3,3,0,0,4,4,0,0,3,3,4,2,4,3,3,3,2,2,0,0,1,1,0,0,0,0,4,4,0,0,2,2,3,3,0,0,0,0,2,2,2,2,2,2,3,4,2,2,0,0,2,2,2,2,3,3,
KOK_17_364,3,3,1,2,2,2,2,2,4,3,4,1,2,4,1,3,3,4,4,4,2,2,0,0,4,4,4,4,1,3,2,2,4,1,1,1,4,4,1,1,4,4,1,1,2,1,3,3,1,2,0,0,2,2,2,2,2,2,3,4,2,2,1,1,2,4,1,1,1,3,
KOK_17_365,3,3,1,1,2,2,2,2,4,4,4,4,2,2,3,3,3,4,4,4,2,4,1,3,4,4,4,4,3,3,2,2,4,4,1,3,4,4,3,3,4,4,3,1,2,2,3,3,1,2,2,2,2,2,2,2,1,1,3,3,2,2,1,1,2,2,2,2,1,3,
KOK_17_366,3,3,1,1,2,2,2,2,4,4,4,1,2,4,1,3,3,4,4,4,4,4,1,3,4,4,4,3,3,3,2,2,4,4,1,3,4,4,1,3,4,4,1,1,1,1,3,3,1,1,2,4,2,2,2,3,2,2,3,3,4,4,1,1,2,2,1,1,1,3,
KOK_17_367,3,3,1,1,2,2,2,2,4,3,4,4,2,2,3,3,3,4,4,4,2,4,1,3,4,4,4,4,3,3,2,2,4,4,1,1,4,4,3,3,4,4,3,3,2,1,3,3,1,2,2,4,2,2,2,2,2,2,3,3,2,2,1,1,2,2,2,2,1,3,
KOK_17_368,3,3,1,1,2,2,2,2,4,3,4,4,2,4,3,3,3,3,4,4,2,2,1,3,4,4,4,4,1,3,2,2,4,4,1,3,3,4,1,3,4,4,1,1,1,1,3,3,2,2,2,2,2,1,2,2,2,2,3,4,4,4,1,1,2,2,2,2,1,3,
KOK_17_369,3,3,1,2,2,2,2,2,4,3,4,1,2,2,3,3,4,4,4,4,2,4,1,3,4,4,4,3,3,3,2,2,4,4,1,3,4,4,1,3,4,4,1,1,2,1,3,3,1,2,2,2,2,1,2,3,2,2,4,4,4,2,1,1,2,2,2,1,1,3,
KOK_17_370,3,3,1,2,2,4,2,2,4,3,4,4,2,4,1,3,3,4,4,4,0,0,1,3,4,4,4,4,3,3,2,2,4,4,1,3,4,4,1,1,4,4,3,3,2,2,3,3,1,2,2,4,2,2,2,3,2,2,4,4,4,2,1,1,2,2,2,2,1,1,
KOK_17_371,3,3,1,1,0,0,2,2,4,3,4,4,2,4,1,3,0,0,0,0,0,0,1,1,4,4,4,4,3,3,2,2,1,1,1,1,4,4,1,1,4,4,3,3,1,1,1,3,0,0,0,0,2,2,0,0,2,2,3,4,4,4,1,1,2,2,2,1,0,0,
KOK_17_372,3,3,1,1,2,4,2,2,4,4,4,1,2,2,1,3,4,4,4,4,2,4,1,3,4,4,4,4,3,3,2,2,4,1,1,1,3,4,1,3,4,4,1,1,2,2,1,3,2,2,0,0,2,2,0,0,2,2,3,4,2,2,1,1,2,2,1,1,1,3,
KOK_17_373,3,3,1,1,0,0,2,2,4,3,4,4,2,2,3,3,0,0,4,4,0,0,1,1,4,2,4,3,3,3,2,2,0,0,1,1,0,0,0,0,4,4,1,1,2,2,3,3,0,0,0,0,2,1,2,2,2,2,3,3,4,2,1,1,2,2,2,1,0,0,
KOK_17_374,3,3,2,2,2,2,2,2,3,3,4,4,2,2,3,3,4,4,4,4,2,2,1,3,4,4,4,4,3,3,2,2,1,1,3,3,4,4,1,3,4,4,3,1,2,1,1,3,1,2,0,0,2,2,2,3,2,2,4,4,4,4,1,1,2,2,2,2,1,3,
KOK_17_375,3,3,1,1,2,2,2,2,3,3,4,1,4,4,3,3,3,3,4,4,2,4,1,3,4,4,4,4,3,3,2,2,4,1,1,1,4,4,1,3,4,4,3,1,2,1,1,3,2,2,0,0,2,2,2,2,2,1,3,4,4,2,1,1,2,2,2,2,1,1,
KOK_17_376,3,3,1,1,2,2,2,2,3,3,4,1,2,4,3,3,3,4,4,4,2,4,3,3,4,4,4,3,1,3,2,4,4,1,1,3,4,4,1,3,4,4,3,1,1,1,3,3,2,2,0,0,2,1,2,3,2,2,3,4,2,2,1,1,2,2,2,2,1,1,
KOK_17_377,3,3,1,1,2,2,2,2,4,3,4,4,2,4,1,3,4,4,4,4,2,2,1,1,4,4,4,4,3,3,2,2,1,1,1,1,4,4,1,1,4,4,3,1,2,1,3,3,1,1,4,4,2,2,2,2,2,1,3,3,4,2,1,1,2,2,2,1,1,3,
KOK_17_378,3,3,1,1,2,4,2,2,4,3,4,1,2,2,1,3,3,4,4,4,2,4,1,3,4,4,4,4,3,3,2,2,4,1,1,3,3,4,3,3,4,4,1,1,2,1,1,3,2,2,2,2,2,2,2,2,2,2,3,4,4,2,1,1,2,2,2,1,1,3,
KOK_17_379,3,3,1,1,0,0,2,2,3,3,4,1,4,4,3,3,0,0,0,0,2,2,3,3,4,4,4,3,3,3,2,4,4,1,1,3,4,4,0,0,4,4,3,1,1,1,1,3,2,2,2,2,2,2,2,3,2,2,3,4,2,2,1,1,2,2,2,2,1,3,
KOK_17_380,3,3,1,2,2,4,2,2,4,3,4,4,2,2,3,3,3,4,4,4,2,4,1,1,4,4,4,4,3,3,2,2,4,4,1,1,4,4,3,3,4,4,3,1,2,2,3,3,2,2,2,4,2,1,2,2,2,2,3,4,2,2,1,1,2,2,2,1,3,3,
KOK_17_381,3,3,1,1,2,2,2,2,3,3,4,1,2,4,3,3,3,3,4,4,2,2,1,3,4,4,4,3,3,3,2,2,1,1,1,1,3,4,1,3,4,4,1,1,1,1,3,3,2,2,2,2,1,1,2,2,2,1,4,4,4,2,1,1,2,2,2,2,1,1,
KOK_17_382,3,3,1,1,2,4,2,2,4,3,4,1,2,2,3,3,3,4,4,4,2,4,1,3,4,4,4,4,3,3,2,2,4,1,3,3,4,4,0,0,4,4,3,3,0,0,1,3,0,0,2,2,2,2,2,3,2,2,3,4,4,4,1,1,2,2,2,2,1,3,
KOK_17_383,3,3,1,2,2,2,2,2,3,3,4,4,4,4,3,3,3,3,4,4,2,4,1,3,4,4,4,4,1,3,2,2,4,4,1,3,4,4,1,3,4,4,1,1,1,1,3,3,2,2,2,2,2,2,2,3,2,1,4,4,4,2,1,1,2,2,2,2,1,1,
KOK_17_384,3,3,1,1,2,4,2,2,4,3,4,4,2,4,3,3,4,4,4,4,2,2,1,3,4,4,4,4,3,3,2,2,1,1,1,1,4,4,3,3,4,4,3,1,2,1,3,3,1,1,2,2,2,1,2,2,2,2,3,4,2,2,1,1,2,2,2,2,1,1,
KOK_17_385,3,3,1,2,2,2,2,2,4,3,4,1,2,2,1,3,4,4,4,4,2,4,1,3,4,4,4,4,3,3,2,2,4,1,1,3,3,4,1,3,4,4,3,1,2,2,1,3,2,2,4,4,2,2,2,3,2,2,3,3,4,4,1,1,2,2,2,1,1,3,
KOK_17_386,3,3,1,2,2,2,2,2,4,3,4,4,4,4,3,3,3,4,4,4,2,4,1,3,4,4,4,4,3,3,2,4,4,4,1,3,3,4,1,3,4,4,1,1,1,1,1,3,2,2,2,2,1,1,2,2,2,1,3,4,2,2,1,1,2,2,2,1,1,3,
KOK_17_387,3,3,1,2,2,2,2,2,3,3,4,4,2,4,3,3,3,4,4,4,2,2,1,3,4,4,4,4,3,3,2,2,4,4,1,1,4,4,1,3,4,4,3,1,2,1,3,3,2,2,2,2,2,1,2,2,2,2,3,4,4,2,1,1,2,2,2,1,1,1,
KOK_17_388,3,3,1,1,2,2,2,2,4,4,4,4,2,2,3,3,3,4,4,4,2,4,1,1,4,4,4,4,3,3,2,2,4,4,1,1,3,4,3,3,4,4,3,1,1,1,3,3,1,2,2,4,2,2,2,2,2,2,3,4,2,2,1,1,2,2,2,1,1,3,
KOK_17_389,3,3,2,2,2,4,2,2,4,3,4,4,2,2,3,3,4,4,4,4,2,4,1,3,4,4,4,3,3,3,2,2,4,1,3,3,4,4,1,3,4,4,1,1,2,2,1,3,1,2,2,2,2,2,2,3,2,2,4,4,4,4,1,1,2,2,2,2,1,3,
KOK_17_390,3,3,1,2,2,2,2,2,4,3,4,4,2,2,3,3,3,4,4,4,2,4,1,3,4,4,4,4,3,3,2,2,4,4,1,3,3,4,1,3,4,4,3,1,2,1,3,3,2,2,2,2,2,1,2,2,2,1,3,3,4,2,1,1,2,2,2,2,1,1,
KOK_17_391,3,3,1,1,2,2,2,2,4,3,4,4,2,2,3,3,3,4,4,4,2,4,1,1,4,4,4,4,3,3,2,2,4,4,1,1,4,4,1,3,4,4,1,1,0,0,3,3,1,2,2,4,2,2,2,2,2,2,4,4,4,2,1,1,2,2,2,2,1,1,
KOK_17_392,3,3,1,1,2,4,2,2,4,3,4,4,2,2,3,3,4,4,4,4,2,4,1,1,4,4,4,4,3,3,2,4,4,4,1,1,4,4,3,3,4,4,3,3,1,1,3,3,1,2,2,4,2,1,2,2,2,2,4,4,4,2,1,1,2,2,1,1,1,3,
KOK_17_393,3,3,1,1,2,2,2,2,4,4,4,1,2,4,1,3,3,4,4,4,2,4,1,3,4,4,4,4,3,3,2,2,4,4,1,3,4,4,1,3,4,4,3,1,1,1,3,3,1,1,2,2,2,2,2,3,2,2,3,4,4,4,1,1,2,2,2,2,1,3,
KOK_17_394,3,3,1,1,2,2,2,2,4,4,4,1,2,2,3,3,4,4,4,4,2,2,3,3,4,4,4,3,3,3,2,2,4,1,3,3,3,4,3,3,4,4,3,1,2,1,1,3,1,2,2,2,2,1,2,2,2,2,3,3,2,2,1,1,2,4,2,2,0,0,
KOK_17_395,3,3,1,2,2,2,2,2,4,3,4,1,2,4,3,3,3,4,4,4,2,4,1,1,4,4,4,3,3,3,0,0,4,4,0,0,4,4,1,3,4,4,3,1,2,1,3,3,1,2,2,2,2,1,2,2,0,0,4,4,2,2,1,1,2,2,2,2,1,3,
KOK_17_396,3,3,1,2,2,2,2,2,3,3,4,1,4,4,3,3,3,3,4,4,2,4,3,3,4,4,4,4,3,3,2,2,1,1,1,3,4,4,1,3,4,4,1,1,2,1,3,3,2,2,2,2,2,1,2,2,2,2,4,4,4,4,1,1,2,2,2,2,1,1,
KOK_17_397,3,3,1,1,2,2,2,2,4,3,4,4,2,2,3,3,3,4,4,4,2,4,1,3,4,2,4,4,3,3,2,2,4,4,1,1,3,4,3,3,4,4,1,1,2,1,3,3,2,2,2,2,2,2,2,2,2,2,4,4,2,2,1,1,2,2,2,1,3,3,
KOK_17_398,3,3,1,1,2,4,2,2,4,4,4,4,2,2,3,3,3,4,4,4,2,4,1,3,4,4,4,3,3,3,2,2,4,4,1,1,3,4,3,3,4,4,3,3,2,2,3,3,1,2,2,4,2,2,2,2,2,2,4,4,2,2,1,1,2,2,2,1,1,3,
Sample: KOK_17_308 is missing data for assay One88470
Sample: KOK_17_370 is missing data for assay One_PIP
Sample: KOK_17_394 is missing data for assay Soc_Kok_64984
